geoid,name,type,county,counties,population,code_status,publisher,code_url,publisher_client_id,code_product_id,codified_through,code_last_updated,pdf_available,pending_ordinances_count,official_status,source,source_checked_date,notes,statement
12001,Alachua,county,Alachua,Alachua,291782,online-html,municode,https://library.municode.com/fl/alachua_county,20,10343,,2026-05-05,1,5,unstated,municode-api,2026-09-23,,"Alachua County, Florida, publishes its code of ordinances as a searchable web code through Municode at https://library.municode.com/fl/alachua_county. 5 adopted ordinance(s) await codification. Checked 2026-09-23."
12003,Baker,county,Baker,Baker,29325,online-html,municode,https://library.municode.com/fl/baker_county,16169,14336,,2026-03-20,1,0,unstated,municode-api,2026-09-23,,"Baker County, Florida, publishes its code of ordinances as a searchable web code through Municode at https://library.municode.com/fl/baker_county. Checked 2026-09-23."
1200375,Alachua,city,Alachua,Alachua,10856,online-html,municode,https://library.municode.com/fl/alachua,961,14802,2025-09-08,2026-01-22,1,10,unstated,municode-api,2026-09-23,,"The city of Alachua in Alachua County, Florida, publishes its code of ordinances as a searchable web code through Municode at https://library.municode.com/fl/alachua. The code is codified through ordinances adopted 2025-09-08. 10 adopted ordinance(s) await codification. Checked 2026-09-23."
12005,Bay,county,Bay,Bay,199718,online-html,municode,https://library.municode.com/fl/bay_county,190,14281,,2026-03-05,1,28,unstated,municode-api,2026-09-23,,"Bay County, Florida, publishes its code of ordinances as a searchable web code through Municode at https://library.municode.com/fl/bay_county. 28 adopted ordinance(s) await codification. Checked 2026-09-23."
1200625,Alford,town,Jackson,Jackson,519,no-online-code,none,,,,,,0,,unstated,browser,2026-09-04,official town site confirmed and read; it carries public notices and utility billing and no ordinances or code section,"The town of Alford in Jackson County, Florida, publishes no code of ordinances online. Checked 2026-09-04."
12007,Bradford,county,Bradford,Bradford,28075,online-html,municode,https://library.municode.com/fl/bradford_county,12086,12772,,2025-10-16,1,0,unstated,municode-api,2026-09-23,,"Bradford County, Florida, publishes its code of ordinances as a searchable web code through Municode at https://library.municode.com/fl/bradford_county. Checked 2026-09-23."
12009,Brevard,county,Brevard,Brevard,658447,online-html,municode,https://library.municode.com/fl/brevard_county,683,10473,2025-10-02,2026-01-13,1,23,unstated,municode-api,2026-09-23,,"Brevard County, Florida, publishes its code of ordinances as a searchable web code through Municode at https://library.municode.com/fl/brevard_county. The code is codified through ordinances adopted 2025-10-02. 23 adopted ordinance(s) await codification. Checked 2026-09-23."
1200950,Altamonte Springs,city,Seminole,Seminole,47261,online-html,municode,https://library.municode.com/fl/altamonte_springs,1001,11310,,2026-02-27,1,3,unstated,municode-api,2026-09-23,,"The city of Altamonte Springs in Seminole County, Florida, publishes its code of ordinances as a searchable web code through Municode at https://library.municode.com/fl/altamonte_springs. 3 adopted ordinance(s) await codification. Checked 2026-09-23."
1201000,Altha,town,Calhoun,Calhoun,495,no-online-code,none,,,,,,0,,unstated,browser,2026-09-23,"The town site has a page titled Town Ordinances and Important Documents, but it was empty when loaded in a browser on 2026-09-23, and no ordinances or code are posted elsewhere on the site.","The town of Altha in Calhoun County, Florida, publishes no code of ordinances online. Checked 2026-09-23."
12011,Broward,county,Broward,Broward,2037472,online-html,municode,https://library.municode.com/fl/broward_county,713,10288,,2026-09-02,1,0,unstated,municode-api,2026-09-23,,"Broward County, Florida, publishes its code of ordinances as a searchable web code through Municode at https://library.municode.com/fl/broward_county. Checked 2026-09-23."
12013,Calhoun,county,Calhoun,Calhoun,13278,ordinances-only,self-hosted,https://www.calhouncountyfl.gov/,,,,,0,,unstated,browser,2026-09-04,county publishes an index of ordinances back to 1975 as a PDF; no codified compilation,"Calhoun County, Florida, publishes individual ordinances online at https://www.calhouncountyfl.gov/ but no codified code of ordinances. Checked 2026-09-04."
1201475,Anna Maria,city,Manatee,Manatee,1016,online-html,municode,https://library.municode.com/fl/anna_maria,1039,13976,,2026-07-10,1,6,unstated,municode-api,2026-09-23,,"The city of Anna Maria in Manatee County, Florida, publishes its code of ordinances as a searchable web code through Municode at https://library.municode.com/fl/anna_maria. 6 adopted ordinance(s) await codification. Checked 2026-09-23."
12015,Charlotte,county,Charlotte,Charlotte,212122,online-html,municode,https://library.municode.com/fl/charlotte_county,878,10526,,2026-06-15,1,0,unstated,municode-api,2026-09-23,,"Charlotte County, Florida, publishes its code of ordinances as a searchable web code through Municode at https://library.municode.com/fl/charlotte_county. Checked 2026-09-23."
1201625,Apalachicola,city,Franklin,Franklin,2461,online-html,municode,https://library.municode.com/fl/apalachicola,1051,15446,,2026-06-29,1,1,unstated,municode-api,2026-09-23,,"The city of Apalachicola in Franklin County, Florida, publishes its code of ordinances as a searchable web code through Municode at https://library.municode.com/fl/apalachicola. 1 adopted ordinance(s) await codification. Checked 2026-09-23."
12017,Citrus,county,Citrus,Citrus,170174,online-html,municode,https://library.municode.com/fl/citrus_county,932,12785,,2025-12-09,1,3,unstated,municode-api,2026-09-23,,"Citrus County, Florida, publishes its code of ordinances as a searchable web code through Municode at https://library.municode.com/fl/citrus_county. 3 adopted ordinance(s) await codification. Checked 2026-09-23."
1201700,Apopka,city,Orange,Orange,62777,online-html,municode,https://library.municode.com/fl/apopka,1052,10117,,2026-08-20,1,2,unstated,municode-api,2026-09-23,"the publisher states codification through an ordinance adopted January 21, 2026, which postdates the supplement it published on 0001-01-01, so the stated date is not recorded","The city of Apopka in Orange County, Florida, publishes its code of ordinances as a searchable web code through Municode at https://library.municode.com/fl/apopka. 2 adopted ordinance(s) await codification. Checked 2026-09-23."
1201750,Arcadia,city,DeSoto,DeSoto,7974,online-html,municode,https://library.municode.com/fl/arcadia,11594,10367,,2025-01-24,1,0,unstated,municode-api,2026-09-23,,"The city of Arcadia in DeSoto County, Florida, publishes its code of ordinances as a searchable web code through Municode at https://library.municode.com/fl/arcadia. Checked 2026-09-23."
1201775,Archer,city,Alachua,Alachua,1176,online-html,municode,https://library.municode.com/fl/archer,18885,12718,2023-12-11,2024-06-12,1,0,unstated,municode-api,2026-09-23,,"The city of Archer in Alachua County, Florida, publishes its code of ordinances as a searchable web code through Municode at https://library.municode.com/fl/archer. The code is codified through ordinances adopted 2023-12-11. Checked 2026-09-23."
12019,Clay,county,Clay,Clay,236760,online-html,municode,https://library.municode.com/fl/clay_county,11352,10559,,2026-06-23,1,0,unstated,municode-api,2026-09-23,,"Clay County, Florida, publishes its code of ordinances as a searchable web code through Municode at https://library.municode.com/fl/clay_county. Checked 2026-09-23."
12021,Collier,county,Collier,Collier,416233,online-html,municode,https://library.municode.com/fl/collier_county,5149,10578,,2026-07-09,1,1,unstated,municode-api,2026-09-23,,"Collier County, Florida, publishes its code of ordinances as a searchable web code through Municode at https://library.municode.com/fl/collier_county. 1 adopted ordinance(s) await codification. Checked 2026-09-23."
1202250,Astatula,town,Lake,Lake,2266,online-html,municode,https://library.municode.com/fl/astatula,8029,13864,,2023-05-17,1,0,unstated,municode-api,2026-09-23,,"The town of Astatula in Lake County, Florida, publishes its code of ordinances as a searchable web code through Municode at https://library.municode.com/fl/astatula. Checked 2026-09-23."
12023,Columbia,county,Columbia,Columbia,73977,online-html,municode,https://library.municode.com/fl/columbia_county,13002,13889,,2025-10-07,1,0,unstated,municode-api,2026-09-23,,"Columbia County, Florida, publishes its code of ordinances as a searchable web code through Municode at https://library.municode.com/fl/columbia_county. Checked 2026-09-23."
1202400,Atlantic Beach,city,Duval,Duval,13279,online-html,municode,https://library.municode.com/fl/atlantic_beach,1095,10377,,2026-08-21,1,3,unstated,municode-api,2026-09-23,,"The city of Atlantic Beach in Duval County, Florida, publishes its code of ordinances as a searchable web code through Municode at https://library.municode.com/fl/atlantic_beach. 3 adopted ordinance(s) await codification. Checked 2026-09-23."
1202500,Atlantis,city,Palm Beach,Palm Beach,2160,online-html,municode,https://library.municode.com/fl/atlantis,1097,15120,2025-11-19,2026-03-05,1,5,unstated,municode-api,2026-09-23,,"The city of Atlantis in Palm Beach County, Florida, publishes its code of ordinances as a searchable web code through Municode at https://library.municode.com/fl/atlantis. The code is codified through ordinances adopted 2025-11-19. 5 adopted ordinance(s) await codification. Checked 2026-09-23."
1202550,Auburndale,city,Polk,Polk,20659,online-html,municode,https://library.municode.com/fl/auburndale,1108,10379,,2025-10-03,1,0,unstated,municode-api,2026-09-23,,"The city of Auburndale in Polk County, Florida, publishes its code of ordinances as a searchable web code through Municode at https://library.municode.com/fl/auburndale. Checked 2026-09-23."
1202681,Aventura,city,Miami-Dade,Miami-Dade,40531,online-html,municode,https://library.municode.com/fl/aventura,1117,13153,,2026-06-08,1,4,unstated,municode-api,2026-09-23,,"The city of Aventura in Miami-Dade County, Florida, publishes its code of ordinances as a searchable web code through Municode at https://library.municode.com/fl/aventura. 4 adopted ordinance(s) await codification. Checked 2026-09-23."
12027,DeSoto,county,DeSoto,DeSoto,36744,online-html,municode,https://library.municode.com/fl/desoto_county,5684,14001,2025-11-18,2026-03-27,1,0,unstated,municode-api,2026-09-23,,"DeSoto County, Florida, publishes its code of ordinances as a searchable web code through Municode at https://library.municode.com/fl/desoto_county. The code is codified through ordinances adopted 2025-11-18. Checked 2026-09-23."
1202750,Avon Park,city,Highlands,Highlands,10415,online-html,municode,https://library.municode.com/fl/avon_park,1121,13024,2025-04-28,2026-02-02,1,2,unstated,municode-api,2026-09-23,,"The city of Avon Park in Highlands County, Florida, publishes its code of ordinances as a searchable web code through Municode at https://library.municode.com/fl/avon_park. The code is codified through ordinances adopted 2025-04-28. 2 adopted ordinance(s) await codification. Checked 2026-09-23."
12029,Dixie,county,Dixie,Dixie,17614,online-html,municode,https://library.municode.com/fl/dixie_county,5698,14987,,2026-03-31,1,0,unstated,municode-api,2026-09-23,,"Dixie County, Florida, publishes its code of ordinances as a searchable web code through Municode at https://library.municode.com/fl/dixie_county. Checked 2026-09-23."
12031,Duval,county,Duval,Duval,1055159,online-html,municode,https://library.municode.com/fl/jacksonville/codes/code_of_ordinances,,,,,0,,unstated,manual,2026-09-04,"consolidated government; the Jacksonville Code of Ordinances is the county code, and the beach cities and Baldwin keep their own","Duval County, Florida, publishes its code of ordinances as a searchable web code through Municode at https://library.municode.com/fl/jacksonville/codes/code_of_ordinances. Checked 2026-09-04."
1203250,Baldwin,town,Duval,Duval,1385,online-html,municode,https://library.municode.com/fl/baldwin,8053,10385,,2025-12-16,1,0,unstated,municode-api,2026-09-23,,"The town of Baldwin in Duval County, Florida, publishes its code of ordinances as a searchable web code through Municode at https://library.municode.com/fl/baldwin. Checked 2026-09-23."
1203275,Bal Harbour,village,Miami-Dade,Miami-Dade,3099,online-html,municode,https://library.municode.com/fl/bal_harbour,10212,10384,2026-03-17,2026-07-30,1,5,unstated,municode-api,2026-09-23,,"The village of Bal Harbour in Miami-Dade County, Florida, publishes its code of ordinances as a searchable web code through Municode at https://library.municode.com/fl/bal_harbour. The code is codified through ordinances adopted 2026-03-17. 5 adopted ordinance(s) await codification. Checked 2026-09-23."
12033,Escambia,county,Escambia,Escambia,331275,online-html,municode,https://library.municode.com/fl/escambia_county,5813,10700,,2026-08-18,1,0,unstated,municode-api,2026-09-23,,"Escambia County, Florida, publishes its code of ordinances as a searchable web code through Municode at https://library.municode.com/fl/escambia_county. Checked 2026-09-23."
12035,Flagler,county,Flagler,Flagler,136744,online-html,municode,https://library.municode.com/fl/flagler_county,5872,12218,2025-04-21,2025-07-11,1,3,unstated,municode-api,2026-09-23,,"Flagler County, Florida, publishes its code of ordinances as a searchable web code through Municode at https://library.municode.com/fl/flagler_county. The code is codified through ordinances adopted 2025-04-21. 3 adopted ordinance(s) await codification. Checked 2026-09-23."
1203675,Bartow,city,Polk,Polk,22084,online-html,municode,https://library.municode.com/fl/bartow,1167,12765,,2026-07-01,1,3,unstated,municode-api,2026-09-23,,"The city of Bartow in Polk County, Florida, publishes its code of ordinances as a searchable web code through Municode at https://library.municode.com/fl/bartow. 3 adopted ordinance(s) await codification. Checked 2026-09-23."
12037,Franklin,county,Franklin,Franklin,12979,online-html,municode,https://library.municode.com/fl/franklin_county,11395,10798,,2026-03-20,1,0,unstated,municode-api,2026-09-23,,"Franklin County, Florida, publishes its code of ordinances as a searchable web code through Municode at https://library.municode.com/fl/franklin_county. Checked 2026-09-23."
1203725,Bascom,town,Jackson,Jackson,93,unknown,none,,,,,,0,,unstated,manual,2026-09-23,"no commercial code publisher carries this jurisdiction, having checked the Municode client list and library resolver, the American Legal Florida region listing, eCode360 and MunicipalCodeOnline; The town has no website according to the county elections office, and no code or ordinances were found online.","The town of Bascom in Jackson County, Florida, is carried by no commercial code publisher, and this survey could not confirm what it publishes instead. Checked 2026-09-23."
12039,Gadsden,county,Gadsden,Gadsden,44151,online-html,municode,https://library.municode.com/fl/gadsden_county,5945,13425,,2024-06-25,1,2,unstated,municode-api,2026-09-23,,"Gadsden County, Florida, publishes its code of ordinances as a searchable web code through Municode at https://library.municode.com/fl/gadsden_county. 2 adopted ordinance(s) await codification. Checked 2026-09-23."
1203975,Bay Harbor Islands,town,Miami-Dade,Miami-Dade,5937,online-html,municode,https://library.municode.com/fl/bay_harbor_islands,8073,14065,,2026-08-17,1,12,unstated,municode-api,2026-09-23,,"The town of Bay Harbor Islands in Miami-Dade County, Florida, publishes its code of ordinances as a searchable web code through Municode at https://library.municode.com/fl/bay_harbor_islands. 12 adopted ordinance(s) await codification. Checked 2026-09-23."
12041,Gilchrist,county,Gilchrist,Gilchrist,20233,online-html,municode,https://library.municode.com/fl/gilchrist_county,5997,13319,,2026-08-11,1,0,unstated,municode-api,2026-09-23,,"Gilchrist County, Florida, publishes its code of ordinances as a searchable web code through Municode at https://library.municode.com/fl/gilchrist_county. Checked 2026-09-23."
1204150,Bay Lake,city,Orange,Orange,23,ordinances-only,self-hosted,https://cityofbaylakefl.gov/wp-content/uploads/2025/06/Bay-Lake-Public-Assemblies-Code1.pdf,,,,,0,,unstated,manual,2026-09-23,Bay Lake posts one public-assembly ordinance as a scanned PDF and has no codified code online.,"The city of Bay Lake in Orange County, Florida, publishes individual ordinances online at https://cityofbaylakefl.gov/wp-content/uploads/2025/06/Bay-Lake-Public-Assemblies-Code1.pdf but no codified code of ordinances. Checked 2026-09-23."
12043,Glades,county,Glades,Glades,13132,online-html,municode,https://library.municode.com/fl/glades_county,6007,14193,2025-08-12,2026-03-04,1,0,unstated,municode-api,2026-09-23,,"Glades County, Florida, publishes its code of ordinances as a searchable web code through Municode at https://library.municode.com/fl/glades_county. The code is codified through ordinances adopted 2025-08-12. Checked 2026-09-23."
12045,Gulf,county,Gulf,Gulf,15876,online-html,municode,https://library.municode.com/fl/gulf_county,6112,15583,,2025-05-08,1,11,unstated,municode-api,2026-09-23,,"Gulf County, Florida, publishes its code of ordinances as a searchable web code through Municode at https://library.municode.com/fl/gulf_county. 11 adopted ordinance(s) await codification. Checked 2026-09-23."
12047,Hamilton,county,Hamilton,Hamilton,14334,online-pdf-only,self-hosted,https://zoning.hamiltoncountyfl.com/uploads/hamilton-co-ldr-for-print-aug2019.pdf,,,2019-08-20,,0,,unstated,manual,2026-09-23,Hamilton County posts its land development regulations as a PDF amended through August 2019. No general code of ordinances was found online.,"Hamilton County, Florida, publishes its code of ordinances as a PDF through its own website at https://zoning.hamiltoncountyfl.com/uploads/hamilton-co-ldr-for-print-aug2019.pdf. The code is codified through ordinances adopted 2019-08-20. Checked 2026-09-23."
12049,Hardee,county,Hardee,Hardee,26068,online-html,municode,https://library.municode.com/fl/hardee_county,6154,17561,,,0,0,unstated,municode-api,2026-09-23,,"Hardee County, Florida, publishes its code of ordinances as a searchable web code through Municode at https://library.municode.com/fl/hardee_county. Checked 2026-09-23."
1204975,Bell,town,Gilchrist,Gilchrist,582,online-pdf-only,planning-council,https://ncfrpc.org/MapsAndPlans/CitiesAndTowns/Bell/LDC_BELL18_Canary.pdf,,,2011-08-04,,0,,unstated,manual,2026-09-23,Bell's land development code is published as a PDF by the regional planning council. The town has no website of its own.,"The town of Bell in Gilchrist County, Florida, publishes its code of ordinances as a PDF through its regional planning council at https://ncfrpc.org/MapsAndPlans/CitiesAndTowns/Bell/LDC_BELL18_Canary.pdf. The code is codified through ordinances adopted 2011-08-04. Checked 2026-09-23."
1205075,Belleair,town,Pinellas,Pinellas,4614,online-html,municode,https://library.municode.com/fl/belleair,8090,10406,2026-01-20,2026-07-14,1,0,unstated,municode-api,2026-09-23,,"The town of Belleair in Pinellas County, Florida, publishes its code of ordinances as a searchable web code through Municode at https://library.municode.com/fl/belleair. The code is codified through ordinances adopted 2026-01-20. Checked 2026-09-23."
12051,Hendry,county,Hendry,Hendry,46130,online-html,municode,https://library.municode.com/fl/hendry_county,6218,10908,,2026-09-02,1,0,unstated,municode-api,2026-09-23,,"Hendry County, Florida, publishes its code of ordinances as a searchable web code through Municode at https://library.municode.com/fl/hendry_county. Checked 2026-09-23."
1205100,Belleair Beach,city,Pinellas,Pinellas,1615,online-html,municode,https://library.municode.com/fl/belleair_beach,1226,13451,,2026-07-01,1,5,unstated,municode-api,2026-09-23,,"The city of Belleair Beach in Pinellas County, Florida, publishes its code of ordinances as a searchable web code through Municode at https://library.municode.com/fl/belleair_beach. 5 adopted ordinance(s) await codification. Checked 2026-09-23."
1205125,Belleair Bluffs,city,Pinellas,Pinellas,2284,online-html,municode,https://library.municode.com/fl/belleair_bluffs,1227,14128,,2025-12-12,1,2,unstated,municode-api,2026-09-23,,"The city of Belleair Bluffs in Pinellas County, Florida, publishes its code of ordinances as a searchable web code through Municode at https://library.municode.com/fl/belleair_bluffs. 2 adopted ordinance(s) await codification. Checked 2026-09-23."
1205150,Belleair Shore,town,Pinellas,Pinellas,76,online-html,municode,https://library.municode.com/fl/belleair_shore,12715,13429,,2025-10-16,1,0,unstated,municode-api,2026-09-23,,"The town of Belleair Shore in Pinellas County, Florida, publishes its code of ordinances as a searchable web code through Municode at https://library.municode.com/fl/belleair_shore. Checked 2026-09-23."
1205200,Belle Glade,city,Palm Beach,Palm Beach,17363,online-html,municode,https://library.municode.com/fl/belle_glade,1222,12156,,2026-08-05,1,0,unstated,municode-api,2026-09-23,,"The city of Belle Glade in Palm Beach County, Florida, publishes its code of ordinances as a searchable web code through Municode at https://library.municode.com/fl/belle_glade. Checked 2026-09-23."
12053,Hernando,county,Hernando,Hernando,218150,online-html,municode,https://library.municode.com/fl/hernando_county,6224,10731,,2026-08-09,1,0,unstated,municode-api,2026-09-23,,"Hernando County, Florida, publishes its code of ordinances as a searchable web code through Municode at https://library.municode.com/fl/hernando_county. Checked 2026-09-23."
1205300,Belle Isle,city,Orange,Orange,7741,online-html,municode,https://library.municode.com/fl/belle_isle,1223,19961,,2025-07-21,1,0,unstated,municode-api,2026-09-23,,"The city of Belle Isle in Orange County, Florida, publishes its code of ordinances as a searchable web code through Municode at https://library.municode.com/fl/belle_isle. Checked 2026-09-23."
1205375,Belleview,city,Marion,Marion,6156,online-html,municode,https://library.municode.com/fl/belleview,1230,10408,2026-02-17,2026-05-22,1,15,unstated,municode-api,2026-09-23,,"The city of Belleview in Marion County, Florida, publishes its code of ordinances as a searchable web code through Municode at https://library.municode.com/fl/belleview. The code is codified through ordinances adopted 2026-02-17. 15 adopted ordinance(s) await codification. Checked 2026-09-23."
12055,Highlands,county,Highlands,Highlands,109778,online-html,municode,https://library.municode.com/fl/highlands_county,6241,10921,,2026-07-01,1,0,unstated,municode-api,2026-09-23,,"Highlands County, Florida, publishes its code of ordinances as a searchable web code through Municode at https://library.municode.com/fl/highlands_county. Checked 2026-09-23."
12057,Hillsborough,county,Hillsborough,Hillsborough,1581426,online-html,municode,https://library.municode.com/fl/hillsborough_county,6247,12399,2026-01-15,2026-08-17,1,0,unstated,municode-api,2026-09-23,,"Hillsborough County, Florida, publishes its code of ordinances as a searchable web code through Municode at https://library.municode.com/fl/hillsborough_county. The code is codified through ordinances adopted 2026-01-15. Checked 2026-09-23."
12059,Holmes,county,Holmes,Holmes,19876,ordinances-only,self-hosted,https://holmesclerk.com/other-services/ordinances/,,,,,0,,unstated,browser,2026-09-04,clerk publishes individual ordinance PDFs described as archived; no codified compilation,"Holmes County, Florida, publishes individual ordinances online at https://holmesclerk.com/other-services/ordinances/ but no codified code of ordinances. Checked 2026-09-04."
12061,Indian River,county,Indian River,Indian River,172139,online-html,municode,https://library.municode.com/fl/indian_river_county,6329,12232,,2026-06-26,1,0,unstated,municode-api,2026-09-23,,"Indian River County, Florida, publishes its code of ordinances as a searchable web code through Municode at https://library.municode.com/fl/indian_river_county. Checked 2026-09-23."
1206100,Beverly Beach,town,Flagler,Flagler,520,online-html,municode,https://library.municode.com/fl/beverly_beach,12718,13706,,2025-12-16,1,0,unstated,municode-api,2026-09-23,,"The town of Beverly Beach in Flagler County, Florida, publishes its code of ordinances as a searchable web code through Municode at https://library.municode.com/fl/beverly_beach. Checked 2026-09-23."
12063,Jackson,county,Jackson,Jackson,49980,online-html,municode,https://library.municode.com/fl/jackson_county,11547,12811,,2026-02-03,1,0,unstated,municode-api,2026-09-23,,"Jackson County, Florida, publishes its code of ordinances as a searchable web code through Municode at https://library.municode.com/fl/jackson_county. Checked 2026-09-23."
12065,Jefferson,county,Jefferson,Jefferson,15921,online-html,municode,https://library.municode.com/fl/jefferson_county,11624,14408,,2026-07-16,1,1,unstated,municode-api,2026-09-23,,"Jefferson County, Florida, publishes its code of ordinances as a searchable web code through Municode at https://library.municode.com/fl/jefferson_county. 1 adopted ordinance(s) await codification. Checked 2026-09-23."
1206600,Biscayne Park,village,Miami-Dade,Miami-Dade,3123,online-html,municode,https://library.municode.com/fl/biscayne_park,10247,14536,2024-10-01,2025-04-17,1,8,unstated,municode-api,2026-09-23,,"The village of Biscayne Park in Miami-Dade County, Florida, publishes its code of ordinances as a searchable web code through Municode at https://library.municode.com/fl/biscayne_park. The code is codified through ordinances adopted 2024-10-01. 8 adopted ordinance(s) await codification. Checked 2026-09-23."
12067,Lafayette,county,Lafayette,Lafayette,8640,online-pdf-only,self-hosted,https://lafayette-clerk.s3.amazonaws.com/uploads/2025/09/17175042/LDR.pdf,,,2023-08-08,,0,,unstated,manual,2026-09-23,"Lafayette County posts its land development code as a PDF amended through August 2023, and links its ordinances to a Municode MuniDocs folder whose contents were not checked.","Lafayette County, Florida, publishes its code of ordinances as a PDF through its own website at https://lafayette-clerk.s3.amazonaws.com/uploads/2025/09/17175042/LDR.pdf. The code is codified through ordinances adopted 2023-08-08. Checked 2026-09-23."
12069,Lake,county,Lake,Lake,444204,online-html,municode,https://library.municode.com/fl/lake_county,11506,11115,,2026-05-07,0,12,unstated,municode-api,2026-09-23,,"Lake County, Florida, publishes its code of ordinances as a searchable web code through Municode at https://library.municode.com/fl/lake_county. 12 adopted ordinance(s) await codification. Checked 2026-09-23."
1206925,Blountstown,city,Calhoun,Calhoun,2269,online-html,municode,https://library.municode.com/fl/blountstown,1317,13727,2025-12-09,2026-04-14,1,0,unstated,municode-api,2026-09-23,,"The city of Blountstown in Calhoun County, Florida, publishes its code of ordinances as a searchable web code through Municode at https://library.municode.com/fl/blountstown. The code is codified through ordinances adopted 2025-12-09. Checked 2026-09-23."
12071,Lee,county,Lee,Lee,860959,online-html,municode,https://library.municode.com/fl/lee_county,11749,10131,,2026-06-17,1,0,unstated,municode-api,2026-09-23,,"Lee County, Florida, publishes its code of ordinances as a searchable web code through Municode at https://library.municode.com/fl/lee_county. Checked 2026-09-23."
12073,Leon,county,Leon,Leon,300488,online-html,municode,https://library.municode.com/fl/leon_county,11247,10008,,2026-06-01,1,7,unstated,municode-api,2026-09-23,,"Leon County, Florida, publishes its code of ordinances as a searchable web code through Municode at https://library.municode.com/fl/leon_county. 7 adopted ordinance(s) await codification. Checked 2026-09-23."
1207300,Boca Raton,city,Palm Beach,Palm Beach,102238,online-html,municode,https://library.municode.com/fl/boca_raton,1331,10145,,2026-05-11,1,5,unstated,municode-api,2026-09-23,,"The city of Boca Raton in Palm Beach County, Florida, publishes its code of ordinances as a searchable web code through Municode at https://library.municode.com/fl/boca_raton. 5 adopted ordinance(s) await codification. Checked 2026-09-23."
1207450,Bonifay,city,Holmes,Holmes,2838,ordinances-only,self-hosted,https://www.cityofbonifay.com/ordinances,,,,,0,,unstated,browser,2026-09-04,individual ordinances organised by topic,"The city of Bonifay in Holmes County, Florida, publishes individual ordinances online at https://www.cityofbonifay.com/ordinances but no codified code of ordinances. Checked 2026-09-04."
12075,Levy,county,Levy,Levy,47765,online-html,municode,https://library.municode.com/fl/levy_county,6597,13435,,2025-11-26,1,8,unstated,municode-api,2026-09-23,,"Levy County, Florida, publishes its code of ordinances as a searchable web code through Municode at https://library.municode.com/fl/levy_county. 8 adopted ordinance(s) await codification. Checked 2026-09-23."
1207525,Bonita Springs,city,Lee,Lee,57112,online-html,municode,https://library.municode.com/fl/bonita_springs,12773,15163,,2026-07-23,1,0,unstated,municode-api,2026-09-23,,"The city of Bonita Springs in Lee County, Florida, publishes its code of ordinances as a searchable web code through Municode at https://library.municode.com/fl/bonita_springs. Checked 2026-09-23."
12077,Liberty,county,Liberty,Liberty,7955,online-html,municode,https://library.municode.com/fl/liberty_county,20538,15997,2023-08-10,2024-08-21,1,0,unstated,municode-api,2026-09-23,,"Liberty County, Florida, publishes its code of ordinances as a searchable web code through Municode at https://library.municode.com/fl/liberty_county. The code is codified through ordinances adopted 2023-08-10. Checked 2026-09-23."
1207775,Bowling Green,city,Hardee,Hardee,2456,online-html,municode,https://library.municode.com/fl/bowling_green,1364,15461,,2022-07-06,1,0,unstated,municode-api,2026-09-23,,"The city of Bowling Green in Hardee County, Florida, publishes its code of ordinances as a searchable web code through Municode at https://library.municode.com/fl/bowling_green. Checked 2026-09-23."
1207875,Boynton Beach,city,Palm Beach,Palm Beach,83095,online-html,municode,https://library.municode.com/fl/boynton_beach,1369,12672,,2026-06-10,1,10,unstated,municode-api,2026-09-23,,"The city of Boynton Beach in Palm Beach County, Florida, publishes its code of ordinances as a searchable web code through Municode at https://library.municode.com/fl/boynton_beach. 10 adopted ordinance(s) await codification. Checked 2026-09-23."
12079,Madison,county,Madison,Madison,18364,ordinances-only,self-hosted,https://library.municode.com/fl/madison_county/munidocs/munidocs,,,,,0,,unstated,browser,2026-09-04,Municode hosts county documents under MuniDocs; the client record carries no published code product,"Madison County, Florida, publishes individual ordinances online at https://library.municode.com/fl/madison_county/munidocs/munidocs but no codified code of ordinances. Checked 2026-09-04."
1207950,Bradenton,city,Manatee,Manatee,58184,online-html,municode,https://library.municode.com/fl/bradenton,1372,10466,2026-03-25,2026-05-22,1,0,unstated,municode-api,2026-09-23,,"The city of Bradenton in Manatee County, Florida, publishes its code of ordinances as a searchable web code through Municode at https://library.municode.com/fl/bradenton. The code is codified through ordinances adopted 2026-03-25. Checked 2026-09-23."
1207975,Bradenton Beach,city,Manatee,Manatee,927,online-html,municode,https://library.municode.com/fl/bradenton_beach,1373,12892,2025-07-10,2026-02-06,1,0,unstated,municode-api,2026-09-23,,"The city of Bradenton Beach in Manatee County, Florida, publishes its code of ordinances as a searchable web code through Municode at https://library.municode.com/fl/bradenton_beach. The code is codified through ordinances adopted 2025-07-10. Checked 2026-09-23."
12081,Manatee,county,Manatee,Manatee,458352,online-html,municode,https://library.municode.com/fl/manatee_county,6717,10428,2025-11-18,2026-03-16,1,10,unstated,municode-api,2026-09-23,,"Manatee County, Florida, publishes its code of ordinances as a searchable web code through Municode at https://library.municode.com/fl/manatee_county. The code is codified through ordinances adopted 2025-11-18. 10 adopted ordinance(s) await codification. Checked 2026-09-23."
1208175,Branford,town,Suwannee,Suwannee,772,online-html,municode,https://library.municode.com/fl/branford,12160,12738,,2024-06-21,1,0,unstated,municode-api,2026-09-23,,"The town of Branford in Suwannee County, Florida, publishes its code of ordinances as a searchable web code through Municode at https://library.municode.com/fl/branford. Checked 2026-09-23."
12083,Marion,county,Marion,Marion,428905,online-html,municode,https://library.municode.com/fl/marion_county,11253,10237,2026-03-17,2026-07-01,1,0,unstated,municode-api,2026-09-23,,"Marion County, Florida, publishes its code of ordinances as a searchable web code through Municode at https://library.municode.com/fl/marion_county. The code is codified through ordinances adopted 2026-03-17. Checked 2026-09-23."
12085,Martin,county,Martin,Martin,165666,online-html,municode,https://library.municode.com/fl/martin_county,12081,11203,,2026-01-29,0,0,unstated,municode-api,2026-09-23,,"Martin County, Florida, publishes its code of ordinances as a searchable web code through Municode at https://library.municode.com/fl/martin_county. Checked 2026-09-23."
1208575,Briny Breezes,town,Palm Beach,Palm Beach,532,online-html,american-legal,https://codelibrary.amlegal.com/codes/brinybreezesfl/latest/overview,,,2024-12-12,,0,,unstated,browser,2026-09-03,,"The town of Briny Breezes in Palm Beach County, Florida, publishes its code of ordinances as a searchable web code through American Legal Publishing at https://codelibrary.amlegal.com/codes/brinybreezesfl/latest/overview. The code is codified through ordinances adopted 2024-12-12. Checked 2026-09-03."
12086,Miami-Dade,county,Miami-Dade,Miami-Dade,2838461,online-html,municode,https://library.municode.com/fl/miami_-_dade_county,11719,10620,,2026-06-17,1,0,unstated,municode-api,2026-09-23,,"Miami-Dade County, Florida, publishes its code of ordinances as a searchable web code through Municode at https://library.municode.com/fl/miami_-_dade_county. Checked 2026-09-23."
1208600,Bristol,city,Liberty,Liberty,942,online-pdf-only,self-hosted,https://cityofbristolfl.gov/documents,,,,,0,,unstated,browser,2026-09-04,land development code as a PDF alongside individual ordinances,"The city of Bristol in Liberty County, Florida, publishes its code of ordinances as a PDF through its own website at https://cityofbristolfl.gov/documents. Checked 2026-09-04."
12087,Monroe,county,Monroe,Monroe,80908,online-html,municode,https://library.municode.com/fl/monroe_county,12037,14298,,2026-08-24,1,2,unstated,municode-api,2026-09-23,,"Monroe County, Florida, publishes its code of ordinances as a searchable web code through Municode at https://library.municode.com/fl/monroe_county. 2 adopted ordinance(s) await codification. Checked 2026-09-23."
1208700,Bronson,town,Levy,Levy,1263,online-html,municode,https://library.municode.com/fl/bronson,8186,14344,,2025-02-12,1,0,unstated,municode-api,2026-09-23,,"The town of Bronson in Levy County, Florida, publishes its code of ordinances as a searchable web code through Municode at https://library.municode.com/fl/bronson. Checked 2026-09-23."
1208725,Brooker,town,Bradford,Bradford,339,no-online-code,none,,,,,,0,,unstated,browser,2026-09-04,the town site has a Town Codes page that publishes no documents,"The town of Brooker in Bradford County, Florida, publishes no code of ordinances online. Checked 2026-09-04."
1208800,Brooksville,city,Hernando,Hernando,9985,online-html,municode,https://library.municode.com/fl/brooksville,1434,13739,2024-04-01,2024-09-19,1,0,unstated,municode-api,2026-09-23,,"The city of Brooksville in Hernando County, Florida, publishes its code of ordinances as a searchable web code through Municode at https://library.municode.com/fl/brooksville. The code is codified through ordinances adopted 2024-04-01. Checked 2026-09-23."
12089,Nassau,county,Nassau,Nassau,104376,online-html,municode,https://library.municode.com/fl/nassau_county,7009,11325,,2026-08-27,1,16,unstated,municode-api,2026-09-23,,"Nassau County, Florida, publishes its code of ordinances as a searchable web code through Municode at https://library.municode.com/fl/nassau_county. 16 adopted ordinance(s) await codification. Checked 2026-09-23."
12091,Okaloosa,county,Okaloosa,Okaloosa,220483,online-html,municode,https://library.municode.com/fl/okaloosa_county,7124,11900,,2025-12-02,1,2,unstated,municode-api,2026-09-23,,"Okaloosa County, Florida, publishes its code of ordinances as a searchable web code through Municode at https://library.municode.com/fl/okaloosa_county. 2 adopted ordinance(s) await codification. Checked 2026-09-23."
12093,Okeechobee,county,Okeechobee,Okeechobee,42369,online-html,municode,https://library.municode.com/fl/okeechobee_county,7126,12834,,2026-08-17,1,0,unstated,municode-api,2026-09-23,,"Okeechobee County, Florida, publishes its code of ordinances as a searchable web code through Municode at https://library.municode.com/fl/okeechobee_county. Checked 2026-09-23."
12095,Orange,county,Orange,Orange,1533646,online-html,municode,https://library.municode.com/fl/orange_county,11856,10182,,2026-07-28,1,3,unstated,municode-api,2026-09-23,,"Orange County, Florida, publishes its code of ordinances as a searchable web code through Municode at https://library.municode.com/fl/orange_county. 3 adopted ordinance(s) await codification. Checked 2026-09-23."
1209550,Bunnell,city,Flagler,Flagler,4120,online-html,municode,https://library.municode.com/fl/bunnell,1464,12777,,2026-03-18,1,2,unstated,municode-api,2026-09-23,,"The city of Bunnell in Flagler County, Florida, publishes its code of ordinances as a searchable web code through Municode at https://library.municode.com/fl/bunnell. 2 adopted ordinance(s) await codification. Checked 2026-09-23."
1209625,Bushnell,city,Sumter,Sumter,3193,online-html,municode,https://library.municode.com/fl/bushnell,1475,10496,,2025-12-12,1,0,unstated,municode-api,2026-09-23,,"The city of Bushnell in Sumter County, Florida, publishes its code of ordinances as a searchable web code through Municode at https://library.municode.com/fl/bushnell. Checked 2026-09-23."
12097,Osceola,county,Osceola,Osceola,468058,online-html,municode,https://library.municode.com/fl/osceola_county,7166,11534,,2025-11-18,1,1,unstated,municode-api,2026-09-23,,"Osceola County, Florida, publishes its code of ordinances as a searchable web code through Municode at https://library.municode.com/fl/osceola_county. 1 adopted ordinance(s) await codification. Checked 2026-09-23."
1209700,Callahan,town,Nassau,Nassau,1785,online-pdf-only,self-hosted,https://www.townofcallahan-fl.gov/code/,,,,,0,,unstated,browser,2026-09-04,town code book published as a set of PDFs,"The town of Callahan in Nassau County, Florida, publishes its code of ordinances as a PDF through its own website at https://www.townofcallahan-fl.gov/code/. Checked 2026-09-04."
1209725,Callaway,city,Bay,Bay,14138,online-html,municode,https://library.municode.com/fl/callaway,1495,14087,,2026-02-18,1,0,unstated,municode-api,2026-09-23,,"The city of Callaway in Bay County, Florida, publishes its code of ordinances as a searchable web code through Municode at https://library.municode.com/fl/callaway. Checked 2026-09-23."
12099,Palm Beach,county,Palm Beach,Palm Beach,1582055,online-html,municode,https://library.municode.com/fl/palm_beach_county,7208,10323,,2026-08-18,1,0,unstated,municode-api,2026-09-23,,"Palm Beach County, Florida, publishes its code of ordinances as a searchable web code through Municode at https://library.municode.com/fl/palm_beach_county. Checked 2026-09-23."
1209900,Campbellton,town,Jackson,Jackson,203,unknown,none,,,,,,0,,unstated,manual,2026-09-23,"no commercial code publisher carries this jurisdiction, having checked the Municode client list and library resolver, the American Legal Florida region listing, eCode360 and MunicipalCodeOnline; The town has no website according to the county elections office, and no code or ordinances were found online.","The town of Campbellton in Jackson County, Florida, is carried by no commercial code publisher, and this survey could not confirm what it publishes instead. Checked 2026-09-23."
12101,Pasco,county,Pasco,Pasco,659114,online-html,municode,https://library.municode.com/fl/pasco_county,7229,10281,,2026-08-17,1,0,unstated,municode-api,2026-09-23,,"Pasco County, Florida, publishes its code of ordinances as a searchable web code through Municode at https://library.municode.com/fl/pasco_county. Checked 2026-09-23."
1210250,Cape Canaveral,city,Brevard,Brevard,10014,online-html,municode,https://library.municode.com/fl/cape_canaveral,1520,12642,,2026-02-09,1,7,unstated,municode-api,2026-09-23,"the publisher states codification through an ordinance adopted September 16, 2025, which postdates the supplement it published on 0001-01-01, so the stated date is not recorded","The city of Cape Canaveral in Brevard County, Florida, publishes its code of ordinances as a searchable web code through Municode at https://library.municode.com/fl/cape_canaveral. 7 adopted ordinance(s) await codification. Checked 2026-09-23."
1210275,Cape Coral,city,Lee,Lee,233025,online-html,municode,https://library.municode.com/fl/cape_coral,1521,15501,,2026-07-06,1,0,unstated,municode-api,2026-09-23,,"The city of Cape Coral in Lee County, Florida, publishes its code of ordinances as a searchable web code through Municode at https://library.municode.com/fl/cape_coral. Checked 2026-09-23."
12103,Pinellas,county,Pinellas,Pinellas,965870,online-html,municode,https://library.municode.com/fl/pinellas_county,7309,10274,,2026-06-23,1,0,unstated,municode-api,2026-09-23,,"Pinellas County, Florida, publishes its code of ordinances as a searchable web code through Municode at https://library.municode.com/fl/pinellas_county. Checked 2026-09-23."
12105,Polk,county,Polk,Polk,852878,online-html,municode,https://library.municode.com/fl/polk_county,11452,11435,2026-06-16,2026-07-28,1,0,unstated,municode-api,2026-09-23,,"Polk County, Florida, publishes its code of ordinances as a searchable web code through Municode at https://library.municode.com/fl/polk_county. The code is codified through ordinances adopted 2026-06-16. Checked 2026-09-23."
12107,Putnam,county,Putnam,Putnam,77301,online-html,municode,https://library.municode.com/fl/putnam_county,11475,14511,2025-09-23,2026-02-02,1,1,unstated,municode-api,2026-09-23,,"Putnam County, Florida, publishes its code of ordinances as a searchable web code through Municode at https://library.municode.com/fl/putnam_county. The code is codified through ordinances adopted 2025-09-23. 1 adopted ordinance(s) await codification. Checked 2026-09-23."
1210725,Carrabelle,city,Franklin,Franklin,2570,online-html,municode,https://library.municode.com/fl/carrabelle,1540,13590,,2025-04-03,0,0,unstated,municode-api,2026-09-23,,"The city of Carrabelle in Franklin County, Florida, publishes its code of ordinances as a searchable web code through Municode at https://library.municode.com/fl/carrabelle. Checked 2026-09-23."
12109,St. Johns,county,St. Johns,St. Johns,334928,online-pdf-only,self-hosted,https://www.sjcfl.us/,,,,,0,,unstated,browser,2026-09-04,land development code published as PDFs by the county and ordinances as PDFs by the clerk; the Municode client record carries no published code,"St. Johns County, Florida, publishes its code of ordinances as a PDF through its own website at https://www.sjcfl.us/. Checked 2026-09-04."
1210975,Caryville,town,Washington,Washington,318,online-pdf-only,county-code,https://www.dropbox.com/scl/fo/irlb8s9ftewjllkq9z2or/ABicA21gAcp5X7i7Z1zcdDY?rlkey=lwcwcuw1kc6196uhsy9nsoy4h&dl=0,,,2026-05-14,,0,,unstated,manual,2026-09-23,"Caryville uses the joint Washington County Land Development Code, a PDF adopted May 14, 2026. The town has no working website.","The town of Caryville in Washington County, Florida, is governed by the code of the county or district that regulates its land use, published at https://www.dropbox.com/scl/fo/irlb8s9ftewjllkq9z2or/ABicA21gAcp5X7i7Z1zcdDY?rlkey=lwcwcuw1kc6196uhsy9nsoy4h&dl=0. The code is codified through ordinances adopted 2026-05-14. Checked 2026-09-23."
1211050,Casselberry,city,Seminole,Seminole,31650,online-html,municode,https://library.municode.com/fl/casselberry,1557,12536,2026-05-11,2026-08-11,1,0,unstated,municode-api,2026-09-23,,"The city of Casselberry in Seminole County, Florida, publishes its code of ordinances as a searchable web code through Municode at https://library.municode.com/fl/casselberry. The code is codified through ordinances adopted 2026-05-11. Checked 2026-09-23."
12111,St. Lucie,county,St. Lucie,St. Lucie,390670,online-html,municode,https://library.municode.com/fl/st._lucie_county,7802,11530,,2026-04-01,1,4,unstated,municode-api,2026-09-23,,"St. Lucie County, Florida, publishes its code of ordinances as a searchable web code through Municode at https://library.municode.com/fl/st._lucie_county. 4 adopted ordinance(s) await codification. Checked 2026-09-23."
1211225,Cedar Key,city,Levy,Levy,736,online-html,municode,https://library.municode.com/fl/cedar_key,13301,17185,,2024-03-21,1,0,unstated,municode-api,2026-09-23,,"The city of Cedar Key in Levy County, Florida, publishes its code of ordinances as a searchable web code through Municode at https://library.municode.com/fl/cedar_key. Checked 2026-09-23."
12113,Santa Rosa,county,Santa Rosa,Santa Rosa,207653,online-html,municode,https://library.municode.com/fl/santa_rosa_county,7626,12483,,2026-08-06,0,15,unstated,municode-api,2026-09-23,,"Santa Rosa County, Florida, publishes its code of ordinances as a searchable web code through Municode at https://library.municode.com/fl/santa_rosa_county. 15 adopted ordinance(s) await codification. Checked 2026-09-23."
1211325,Center Hill,city,Sumter,Sumter,1055,online-html,municode,https://library.municode.com/fl/center_hill,1576,15867,,2024-01-17,1,0,unstated,municode-api,2026-09-23,,"The city of Center Hill in Sumter County, Florida, publishes its code of ordinances as a searchable web code through Municode at https://library.municode.com/fl/center_hill. Checked 2026-09-23."
1211362,Century,town,Escambia,Escambia,1780,online-html,municode,https://library.municode.com/fl/century,8286,13611,2019-02-18,2020-07-28,1,3,unstated,municode-api,2026-09-23,,"The town of Century in Escambia County, Florida, publishes its code of ordinances as a searchable web code through Municode at https://library.municode.com/fl/century. The code is codified through ordinances adopted 2019-02-18. 3 adopted ordinance(s) await codification. Checked 2026-09-23."
12115,Sarasota,county,Sarasota,Sarasota,476604,online-html,municode,https://library.municode.com/fl/sarasota_county,7627,11511,,2026-08-24,1,1,unstated,municode-api,2026-09-23,"the publisher states codification through an ordinance adopted July 7, 2026, which postdates the supplement it published on 0001-01-01, so the stated date is not recorded","Sarasota County, Florida, publishes its code of ordinances as a searchable web code through Municode at https://library.municode.com/fl/sarasota_county. 1 adopted ordinance(s) await codification. Checked 2026-09-23."
12117,Seminole,county,Seminole,Seminole,494605,online-html,municode,https://library.municode.com/fl/seminole_county,12009,13774,2025-10-28,2026-05-28,1,0,unstated,municode-api,2026-09-23,,"Seminole County, Florida, publishes its code of ordinances as a searchable web code through Municode at https://library.municode.com/fl/seminole_county. The code is codified through ordinances adopted 2025-10-28. Checked 2026-09-23."
1211800,Chattahoochee,city,Gadsden,Gadsden,3028,online-html,municode,https://library.municode.com/fl/chattahoochee,1607,10187,2022-06-07,2022-12-14,1,7,unstated,municode-api,2026-09-23,,"The city of Chattahoochee in Gadsden County, Florida, publishes its code of ordinances as a searchable web code through Municode at https://library.municode.com/fl/chattahoochee. The code is codified through ordinances adopted 2022-06-07. 7 adopted ordinance(s) await codification. Checked 2026-09-23."
12119,Sumter,county,Sumter,Sumter,154693,online-html,municode,https://library.municode.com/fl/sumter_county,11704,12044,2025-07-22,2025-10-31,1,0,unstated,municode-api,2026-09-23,,"Sumter County, Florida, publishes its code of ordinances as a searchable web code through Municode at https://library.municode.com/fl/sumter_county. The code is codified through ordinances adopted 2025-07-22. Checked 2026-09-23."
1211925,Chiefland,city,Levy,Levy,2444,online-html,municode,https://library.municode.com/fl/chiefland,1633,14577,,2020-11-04,1,2,unstated,municode-api,2026-09-23,,"The city of Chiefland in Levy County, Florida, publishes its code of ordinances as a searchable web code through Municode at https://library.municode.com/fl/chiefland. 2 adopted ordinance(s) await codification. Checked 2026-09-23."
1211975,Chipley,city,Washington,Washington,3741,online-html,municode,https://library.municode.com/fl/chipley,1640,10549,,2025-10-15,1,12,unstated,municode-api,2026-09-23,,"The city of Chipley in Washington County, Florida, publishes its code of ordinances as a searchable web code through Municode at https://library.municode.com/fl/chipley. 12 adopted ordinance(s) await codification. Checked 2026-09-23."
12121,Suwannee,county,Suwannee,Suwannee,47536,online-html,municode,https://library.municode.com/fl/suwannee_county,7878,13234,,2026-07-29,1,3,unstated,municode-api,2026-09-23,,"Suwannee County, Florida, publishes its code of ordinances as a searchable web code through Municode at https://library.municode.com/fl/suwannee_county. 3 adopted ordinance(s) await codification. Checked 2026-09-23."
12123,Taylor,county,Taylor,Taylor,21843,online-html,municode,https://library.municode.com/fl/taylor_county,12621,13410,,2025-04-07,1,0,unstated,municode-api,2026-09-23,,"Taylor County, Florida, publishes its code of ordinances as a searchable web code through Municode at https://library.municode.com/fl/taylor_county. Checked 2026-09-23."
1212325,Cinco Bayou,town,Okaloosa,Okaloosa,468,online-html,municode,https://library.municode.com/fl/cinco_bayou,8329,12215,,2022-10-04,1,0,unstated,municode-api,2026-09-23,,"The town of Cinco Bayou in Okaloosa County, Florida, publishes its code of ordinances as a searchable web code through Municode at https://library.municode.com/fl/cinco_bayou. Checked 2026-09-23."
12125,Union,county,Union,Union,15738,online-pdf-only,self-hosted,https://unioncounty-fl.gov/wp-content/uploads/LDR_Union_20_Canary.pdf,,,2020-06-15,,0,,unstated,manual,2026-09-23,"Union County posts its land development regulations as a PDF amended through June 2020. The live site blocks automated requests, so the archived copy was used.","Union County, Florida, publishes its code of ordinances as a PDF through its own website at https://unioncounty-fl.gov/wp-content/uploads/LDR_Union_20_Canary.pdf. The code is codified through ordinances adopted 2020-06-15. Checked 2026-09-23."
12127,Volusia,county,Volusia,Volusia,602772,online-html,municode,https://library.municode.com/fl/volusia_county,10989,11665,,2026-07-30,1,4,unstated,municode-api,2026-09-23,,"Volusia County, Florida, publishes its code of ordinances as a searchable web code through Municode at https://library.municode.com/fl/volusia_county. 4 adopted ordinance(s) await codification. Checked 2026-09-23."
1212875,Clearwater,city,Pinellas,Pinellas,116811,online-html,municode,https://library.municode.com/fl/clearwater,1675,10148,,2026-04-06,1,0,unstated,municode-api,2026-09-23,,"The city of Clearwater in Pinellas County, Florida, publishes its code of ordinances as a searchable web code through Municode at https://library.municode.com/fl/clearwater. Checked 2026-09-23."
12129,Wakulla,county,Wakulla,Wakulla,37115,online-html,municode,https://library.municode.com/fl/wakulla_county,11002,14869,2026-03-16,2026-07-24,1,3,unstated,municode-api,2026-09-23,,"Wakulla County, Florida, publishes its code of ordinances as a searchable web code through Municode at https://library.municode.com/fl/wakulla_county. The code is codified through ordinances adopted 2026-03-16. 3 adopted ordinance(s) await codification. Checked 2026-09-23."
1212925,Clermont,city,Lake,Lake,50851,online-html,municode,https://library.municode.com/fl/clermont,1678,14559,,2025-08-15,1,14,unstated,municode-api,2026-09-23,,"The city of Clermont in Lake County, Florida, publishes its code of ordinances as a searchable web code through Municode at https://library.municode.com/fl/clermont. 14 adopted ordinance(s) await codification. Checked 2026-09-23."
1213000,Clewiston,city,Hendry,Hendry,7496,online-html,municode,https://library.municode.com/fl/clewiston,1681,14849,,2025-09-10,1,0,unstated,municode-api,2026-09-23,,"The city of Clewiston in Hendry County, Florida, publishes its code of ordinances as a searchable web code through Municode at https://library.municode.com/fl/clewiston. Checked 2026-09-23."
1213050,Cloud Lake,town,Palm Beach,Palm Beach,141,online-html,municode,https://library.municode.com/fl/cloud_lake,16622,14585,2024-03-14,2024-06-04,0,0,unstated,municode-api,2026-09-23,,"The town of Cloud Lake in Palm Beach County, Florida, publishes its code of ordinances as a searchable web code through Municode at https://library.municode.com/fl/cloud_lake. The code is codified through ordinances adopted 2024-03-14. Checked 2026-09-23."
12131,Walton,county,Walton,Walton,89666,online-html,municode,https://library.municode.com/fl/walton_county,11018,12452,,2026-08-13,1,0,unstated,municode-api,2026-09-23,"the publisher states codification through an ordinance adopted March 24, 2026, which postdates the supplement it published on 0001-01-01, so the stated date is not recorded","Walton County, Florida, publishes its code of ordinances as a searchable web code through Municode at https://library.municode.com/fl/walton_county. Checked 2026-09-23."
1213150,Cocoa,city,Brevard,Brevard,19909,online-html,municode,https://library.municode.com/fl/cocoa,1700,14686,,2026-07-15,1,0,unstated,municode-api,2026-09-23,"the publisher states codification through an ordinance adopted October 14, 2026, which postdates the supplement it published on 2025-10-28, so the stated date is not recorded","The city of Cocoa in Brevard County, Florida, publishes its code of ordinances as a searchable web code through Municode at https://library.municode.com/fl/cocoa. Checked 2026-09-23."
1213175,Cocoa Beach,city,Brevard,Brevard,11386,online-html,municode,https://library.municode.com/fl/cocoa_beach,1701,13994,,2026-06-11,1,3,unstated,municode-api,2026-09-23,,"The city of Cocoa Beach in Brevard County, Florida, publishes its code of ordinances as a searchable web code through Municode at https://library.municode.com/fl/cocoa_beach. 3 adopted ordinance(s) await codification. Checked 2026-09-23."
1213275,Coconut Creek,city,Broward,Broward,59721,online-html,municode,https://library.municode.com/fl/coconut_creek,1702,10928,,2026-03-06,1,3,unstated,municode-api,2026-09-23,,"The city of Coconut Creek in Broward County, Florida, publishes its code of ordinances as a searchable web code through Municode at https://library.municode.com/fl/coconut_creek. 3 adopted ordinance(s) await codification. Checked 2026-09-23."
12133,Washington,county,Washington,Washington,26503,online-html,municode,https://library.municode.com/fl/washington_county,11304,10982,,2026-04-30,1,0,unstated,municode-api,2026-09-23,,"Washington County, Florida, publishes its code of ordinances as a searchable web code through Municode at https://library.municode.com/fl/washington_county. Checked 2026-09-23."
1213400,Coleman,city,Sumter,Sumter,789,online-html,municode,https://library.municode.com/fl/coleman,15328,15868,,2025-10-10,1,0,unstated,municode-api,2026-09-23,,"The city of Coleman in Sumter County, Florida, publishes its code of ordinances as a searchable web code through Municode at https://library.municode.com/fl/coleman. Checked 2026-09-23."
1214125,Cooper City,city,Broward,Broward,35541,online-html,municode,https://library.municode.com/fl/cooper_city,1757,15976,,2026-07-01,1,2,unstated,municode-api,2026-09-23,,"The city of Cooper City in Broward County, Florida, publishes its code of ordinances as a searchable web code through Municode at https://library.municode.com/fl/cooper_city. 2 adopted ordinance(s) await codification. Checked 2026-09-23."
1214250,Coral Gables,city,Miami-Dade,Miami-Dade,50379,online-html,municode,https://library.municode.com/fl/coral_gables,1763,19953,,2026-07-07,1,0,unstated,municode-api,2026-09-23,,"The city of Coral Gables in Miami-Dade County, Florida, publishes its code of ordinances as a searchable web code through Municode at https://library.municode.com/fl/coral_gables. Checked 2026-09-23."
1214400,Coral Springs,city,Broward,Broward,140808,online-html,municode,https://library.municode.com/fl/coral_springs,1764,10537,2026-04-01,2026-07-02,1,0,unstated,municode-api,2026-09-23,,"The city of Coral Springs in Broward County, Florida, publishes its code of ordinances as a searchable web code through Municode at https://library.municode.com/fl/coral_springs. The code is codified through ordinances adopted 2026-04-01. Checked 2026-09-23."
1214850,Cottondale,town,Jackson,Jackson,879,online-pdf-only,self-hosted,https://www.cityofcottondale.net/land-development-regulations/,,,,,0,,unstated,manual,2026-09-23,"Cottondale posts its land development regulations as five scanned PDFs plus some individual ordinances. The front page is currently a 'Coming Soon' screen, but the files load directly.","The town of Cottondale in Jackson County, Florida, publishes its code of ordinances as a PDF through its own website at https://www.cityofcottondale.net/land-development-regulations/. Checked 2026-09-23."
1215375,Crescent City,city,Putnam,Putnam,1724,online-html,municode,https://library.municode.com/fl/crescent_city,11713,10606,,2025-02-26,1,0,unstated,municode-api,2026-09-23,,"The city of Crescent City in Putnam County, Florida, publishes its code of ordinances as a searchable web code through Municode at https://library.municode.com/fl/crescent_city. Checked 2026-09-23."
1215475,Crestview,city,Okaloosa,Okaloosa,30727,online-html,municode,https://library.municode.com/fl/crestview,1812,10607,,2025-11-19,1,0,unstated,municode-api,2026-09-23,,"The city of Crestview in Okaloosa County, Florida, publishes its code of ordinances as a searchable web code through Municode at https://library.municode.com/fl/crestview. Checked 2026-09-23."
1215575,Cross City,town,Dixie,Dixie,1816,online-html,municode,https://library.municode.com/fl/cross_city,8399,15204,2018-02-26,2020-01-31,1,0,unstated,municode-api,2026-09-23,,"The town of Cross City in Dixie County, Florida, publishes its code of ordinances as a searchable web code through Municode at https://library.municode.com/fl/cross_city. The code is codified through ordinances adopted 2018-02-26. Checked 2026-09-23."
1215775,Crystal River,city,Citrus,Citrus,3661,online-html,municode,https://library.municode.com/fl/crystal_river,1829,10186,,2026-07-07,1,0,unstated,municode-api,2026-09-23,,"The city of Crystal River in Citrus County, Florida, publishes its code of ordinances as a searchable web code through Municode at https://library.municode.com/fl/crystal_river. Checked 2026-09-23."
1215968,Cutler Bay,town,Miami-Dade,Miami-Dade,45833,online-html,municode,https://library.municode.com/fl/cutler_bay,16193,14515,,2026-05-07,1,0,unstated,municode-api,2026-09-23,,"The town of Cutler Bay in Miami-Dade County, Florida, publishes its code of ordinances as a searchable web code through Municode at https://library.municode.com/fl/cutler_bay. Checked 2026-09-23."
1216125,Dade City,city,Pasco,Pasco,9662,online-html,municode,https://library.municode.com/fl/dade_city,1849,10619,,2026-03-04,1,6,unstated,municode-api,2026-09-23,,"The city of Dade City in Pasco County, Florida, publishes its code of ordinances as a searchable web code through Municode at https://library.municode.com/fl/dade_city. 6 adopted ordinance(s) await codification. Checked 2026-09-23."
1216335,Dania Beach,city,Broward,Broward,33076,online-html,municode,https://library.municode.com/fl/dania_beach,1861,10626,2026-01-13,2026-05-12,1,13,unstated,municode-api,2026-09-23,,"The city of Dania Beach in Broward County, Florida, publishes its code of ordinances as a searchable web code through Municode at https://library.municode.com/fl/dania_beach. The code is codified through ordinances adopted 2026-01-13. 13 adopted ordinance(s) await codification. Checked 2026-09-23."
1216450,Davenport,city,Polk,Polk,16764,online-html,municode,https://library.municode.com/fl/davenport,1868,10004,2026-04-20,2026-07-16,1,0,unstated,municode-api,2026-09-23,,"The city of Davenport in Polk County, Florida, publishes its code of ordinances as a searchable web code through Municode at https://library.municode.com/fl/davenport. The code is codified through ordinances adopted 2026-04-20. Checked 2026-09-23."
1216475,Davie,town,Broward,Broward,112052,online-html,municode,https://library.municode.com/fl/davie,8419,10630,,2026-04-22,1,7,unstated,municode-api,2026-09-23,,"The town of Davie in Broward County, Florida, publishes its code of ordinances as a searchable web code through Municode at https://library.municode.com/fl/davie. 7 adopted ordinance(s) await codification. Checked 2026-09-23."
1216525,Daytona Beach,city,Volusia,Volusia,86015,online-html,municode,https://library.municode.com/fl/daytona_beach,1877,10234,,2026-06-15,1,0,unstated,municode-api,2026-09-23,,"The city of Daytona Beach in Volusia County, Florida, publishes its code of ordinances as a searchable web code through Municode at https://library.municode.com/fl/daytona_beach. Checked 2026-09-23."
1216550,Daytona Beach Shores,city,Volusia,Volusia,5223,online-html,municode,https://library.municode.com/fl/daytona_beach_shores,1878,10324,,2025-03-28,1,7,unstated,municode-api,2026-09-23,,"The city of Daytona Beach Shores in Volusia County, Florida, publishes its code of ordinances as a searchable web code through Municode at https://library.municode.com/fl/daytona_beach_shores. 7 adopted ordinance(s) await codification. Checked 2026-09-23."
1216675,DeBary,city,Volusia,Volusia,23468,online-html,municode,https://library.municode.com/fl/debary,1885,13027,2023-08-23,2024-05-09,1,3,unstated,municode-api,2026-09-23,,"The city of DeBary in Volusia County, Florida, publishes its code of ordinances as a searchable web code through Municode at https://library.municode.com/fl/debary. The code is codified through ordinances adopted 2023-08-23. 3 adopted ordinance(s) await codification. Checked 2026-09-23."
1216725,Deerfield Beach,city,Broward,Broward,90507,online-html,municode,https://library.municode.com/fl/deerfield_beach,1891,12050,,2026-05-26,1,0,unstated,municode-api,2026-09-23,,"The city of Deerfield Beach in Broward County, Florida, publishes its code of ordinances as a searchable web code through Municode at https://library.municode.com/fl/deerfield_beach. Checked 2026-09-23."
1216800,DeFuniak Springs,city,Walton,Walton,7048,online-html,municode,https://library.municode.com/fl/defuniak_springs,1893,10636,2024-10-28,2026-07-28,1,4,unstated,municode-api,2026-09-23,,"The city of DeFuniak Springs in Walton County, Florida, publishes its code of ordinances as a searchable web code through Municode at https://library.municode.com/fl/defuniak_springs. The code is codified through ordinances adopted 2024-10-28. 4 adopted ordinance(s) await codification. Checked 2026-09-23."
1216875,DeLand,city,Volusia,Volusia,45587,online-html,municode,https://library.municode.com/fl/deland,1899,13714,2025-10-20,2026-06-30,1,6,unstated,municode-api,2026-09-23,,"The city of DeLand in Volusia County, Florida, publishes its code of ordinances as a searchable web code through Municode at https://library.municode.com/fl/deland. The code is codified through ordinances adopted 2025-10-20. 6 adopted ordinance(s) await codification. Checked 2026-09-23."
1217100,Delray Beach,city,Palm Beach,Palm Beach,70140,online-html,municode,https://library.municode.com/fl/delray_beach,1907,13704,,2026-05-26,1,3,unstated,municode-api,2026-09-23,,"The city of Delray Beach in Palm Beach County, Florida, publishes its code of ordinances as a searchable web code through Municode at https://library.municode.com/fl/delray_beach. 3 adopted ordinance(s) await codification. Checked 2026-09-23."
1217200,Deltona,city,Volusia,Volusia,100513,online-html,municode,https://library.municode.com/fl/deltona,1909,13200,,2026-06-26,1,0,unstated,municode-api,2026-09-23,,"The city of Deltona in Volusia County, Florida, publishes its code of ordinances as a searchable web code through Municode at https://library.municode.com/fl/deltona. Checked 2026-09-23."
1217325,Destin,city,Okaloosa,Okaloosa,13991,online-html,municode,https://library.municode.com/fl/destin,1929,12108,,2026-07-22,1,1,unstated,municode-api,2026-09-23,,"The city of Destin in Okaloosa County, Florida, publishes its code of ordinances as a searchable web code through Municode at https://library.municode.com/fl/destin. 1 adopted ordinance(s) await codification. Checked 2026-09-23."
1217935,Doral,city,Miami-Dade,Miami-Dade,83625,online-html,municode,https://library.municode.com/fl/doral,13434,14386,2026-06-10,2026-07-28,1,3,unstated,municode-api,2026-09-23,,"The city of Doral in Miami-Dade County, Florida, publishes its code of ordinances as a searchable web code through Municode at https://library.municode.com/fl/doral. The code is codified through ordinances adopted 2026-06-10. 3 adopted ordinance(s) await codification. Checked 2026-09-23."
1218550,Dundee,town,Polk,Polk,6275,online-html,municode,https://library.municode.com/fl/dundee,8464,12506,2022-06-28,2022-11-10,1,0,unstated,municode-api,2026-09-23,,"The town of Dundee in Polk County, Florida, publishes its code of ordinances as a searchable web code through Municode at https://library.municode.com/fl/dundee. The code is codified through ordinances adopted 2022-06-28. Checked 2026-09-23."
1218575,Dunedin,city,Pinellas,Pinellas,35932,online-html,municode,https://library.municode.com/fl/dunedin,1981,10668,2026-03-19,2026-06-30,1,0,unstated,municode-api,2026-09-23,,"The city of Dunedin in Pinellas County, Florida, publishes its code of ordinances as a searchable web code through Municode at https://library.municode.com/fl/dunedin. The code is codified through ordinances adopted 2026-03-19. Checked 2026-09-23."
1218675,Dunnellon,city,Marion,Marion,2043,online-html,municode,https://library.municode.com/fl/dunnellon,1985,10669,,2025-07-24,1,15,unstated,municode-api,2026-09-23,,"The city of Dunnellon in Marion County, Florida, publishes its code of ordinances as a searchable web code through Municode at https://library.municode.com/fl/dunnellon. 15 adopted ordinance(s) await codification. Checked 2026-09-23."
1218875,Eagle Lake,city,Polk,Polk,5576,online-html,municode,https://library.municode.com/fl/eagle_lake,1999,12407,,2026-03-24,1,3,unstated,municode-api,2026-09-23,,"The city of Eagle Lake in Polk County, Florida, publishes its code of ordinances as a searchable web code through Municode at https://library.municode.com/fl/eagle_lake. 3 adopted ordinance(s) await codification. Checked 2026-09-23."
1219650,Eatonville,town,Orange,Orange,2356,online-html,municode,https://library.municode.com/fl/eatonville,8500,14377,,2026-01-08,1,6,unstated,municode-api,2026-09-23,,"The town of Eatonville in Orange County, Florida, publishes its code of ordinances as a searchable web code through Municode at https://library.municode.com/fl/eatonville. 6 adopted ordinance(s) await codification. Checked 2026-09-23."
1219725,Ebro,town,Washington,Washington,246,online-pdf-only,county-code,https://www.dropbox.com/scl/fo/irlb8s9ftewjllkq9z2or/ABicA21gAcp5X7i7Z1zcdDY?rlkey=lwcwcuw1kc6196uhsy9nsoy4h&dl=0,,,2026-05-14,,0,,unstated,manual,2026-09-23,"Ebro uses the joint Washington County Land Development Code, a PDF adopted May 14, 2026. The town has no website of its own.","The town of Ebro in Washington County, Florida, is governed by the code of the county or district that regulates its land use, published at https://www.dropbox.com/scl/fo/irlb8s9ftewjllkq9z2or/ABicA21gAcp5X7i7Z1zcdDY?rlkey=lwcwcuw1kc6196uhsy9nsoy4h&dl=0. The code is codified through ordinances adopted 2026-05-14. Checked 2026-09-23."
1219825,Edgewater,city,Volusia,Volusia,24334,online-html,municode,https://library.municode.com/fl/edgewater,12127,14694,,2025-07-22,1,0,unstated,municode-api,2026-09-23,,"The city of Edgewater in Volusia County, Florida, publishes its code of ordinances as a searchable web code through Municode at https://library.municode.com/fl/edgewater. Checked 2026-09-23."
1219900,Edgewood,city,Orange,Orange,2867,online-html,municode,https://library.municode.com/fl/edgewood,2047,13880,,2026-02-09,1,3,unstated,municode-api,2026-09-23,,"The city of Edgewood in Orange County, Florida, publishes its code of ordinances as a searchable web code through Municode at https://library.municode.com/fl/edgewood. 3 adopted ordinance(s) await codification. Checked 2026-09-23."
1220650,El Portal,village,Miami-Dade,Miami-Dade,1980,online-html,municode,https://library.municode.com/fl/el_portal,10394,13913,2021-07-27,2021-11-23,1,2,unstated,municode-api,2026-09-23,,"The village of El Portal in Miami-Dade County, Florida, publishes its code of ordinances as a searchable web code through Municode at https://library.municode.com/fl/el_portal. The code is codified through ordinances adopted 2021-07-27. 2 adopted ordinance(s) await codification. Checked 2026-09-23."
1221150,Estero,village,Lee,Lee,38443,online-html,municode,https://library.municode.com/fl/estero,19290,15496,2025-12-17,2026-07-23,1,2,unstated,municode-api,2026-09-23,,"The village of Estero in Lee County, Florida, publishes its code of ordinances as a searchable web code through Municode at https://library.municode.com/fl/estero. The code is codified through ordinances adopted 2025-12-17. 2 adopted ordinance(s) await codification. Checked 2026-09-23."
1221250,Esto,town,Holmes,Holmes,350,ordinances-only,self-hosted,https://estoflorida.com/charter-and-ordinances/ordinances/,,,,,0,,unstated,manual,2026-09-23,The town posts individual ordinances and its 1963 charter as PDFs but has no codified code; Ordinance 2026-02 names the Holmes County Local Planning Agency as its LPA.,"The town of Esto in Holmes County, Florida, publishes individual ordinances online at https://estoflorida.com/charter-and-ordinances/ordinances/ but no codified code of ordinances. Checked 2026-09-23."
1221350,Eustis,city,Lake,Lake,25067,online-html,municode,https://library.municode.com/fl/eustis,2141,13820,2024-12-12,2025-06-23,1,2,unstated,municode-api,2026-09-23,,"The city of Eustis in Lake County, Florida, publishes its code of ordinances as a searchable web code through Municode at https://library.municode.com/fl/eustis. The code is codified through ordinances adopted 2024-12-12. 2 adopted ordinance(s) await codification. Checked 2026-09-23."
1221425,Everglades,city,Collier,Collier,396,online-pdf-only,self-hosted,https://www.cityofeverglades.org/_files/ugd/5b01fc_1d966224f12049fc837363b31c3ecd76.pdf,,,,,0,,unstated,manual,2026-09-23,"Everglades City posts its Land Development Code (Ord. 2000-5, last amended January 2024) and its 2023 charter as scanned PDFs on a Wix site; there is no general code of ordinances online.","The city of Everglades in Collier County, Florida, publishes its code of ordinances as a PDF through its own website at https://www.cityofeverglades.org/_files/ugd/5b01fc_1d966224f12049fc837363b31c3ecd76.pdf. Checked 2026-09-23."
1221850,Fanning Springs,city,Levy,Levy|Gilchrist,1341,online-pdf-only,self-hosted,https://www.fanningsprings.org/wp-content/uploads/LDR_Fan_Sprgs_20_Jun_Canary.pdf,,,2019-11-05,,0,,unstated,manual,2026-09-23,"Fanning Springs posts its Land Development Regulations as a PDF (amended through Ord. 19-001, 2019); its Municode listing holds forms only, not a codified code.","The city of Fanning Springs in Levy County, Florida, publishes its code of ordinances as a PDF through its own website at https://www.fanningsprings.org/wp-content/uploads/LDR_Fan_Sprgs_20_Jun_Canary.pdf. The code is codified through ordinances adopted 2019-11-05. Checked 2026-09-23."
1222100,Fellsmere,city,Indian River,Indian River,5028,online-html,municode,https://library.municode.com/fl/fellsmere,2186,10766,,2023-11-13,1,0,unstated,municode-api,2026-09-23,,"The city of Fellsmere in Indian River County, Florida, publishes its code of ordinances as a searchable web code through Municode at https://library.municode.com/fl/fellsmere. Checked 2026-09-23."
1222175,Fernandina Beach,city,Nassau,Nassau,13672,online-html,municode,https://library.municode.com/fl/fernandina_beach,2192,13042,,2026-06-23,1,10,unstated,municode-api,2026-09-23,,"The city of Fernandina Beach in Nassau County, Florida, publishes its code of ordinances as a searchable web code through Municode at https://library.municode.com/fl/fernandina_beach. 10 adopted ordinance(s) await codification. Checked 2026-09-23."
1222550,Flagler Beach,city,Flagler,Flagler|Volusia,5568,online-html,municode,https://library.municode.com/fl/flagler_beach,2203,11755,2026-05-14,2026-07-23,1,0,unstated,municode-api,2026-09-23,,"The city of Flagler Beach in Flagler County, Florida, publishes its code of ordinances as a searchable web code through Municode at https://library.municode.com/fl/flagler_beach. The code is codified through ordinances adopted 2026-05-14. Checked 2026-09-23."
1222975,Florida City,city,Miami-Dade,Miami-Dade,13157,online-html,municode,https://library.municode.com/fl/florida_city,2214,10780,2026-02-24,2026-04-22,1,0,unstated,municode-api,2026-09-23,,"The city of Florida City in Miami-Dade County, Florida, publishes its code of ordinances as a searchable web code through Municode at https://library.municode.com/fl/florida_city. The code is codified through ordinances adopted 2026-02-24. Checked 2026-09-23."
1224000,Fort Lauderdale,city,Broward,Broward,190641,online-html,municode,https://library.municode.com/fl/fort_lauderdale,2247,10787,,2026-07-07,1,6,unstated,municode-api,2026-09-23,,"The city of Fort Lauderdale in Broward County, Florida, publishes its code of ordinances as a searchable web code through Municode at https://library.municode.com/fl/fort_lauderdale. 6 adopted ordinance(s) await codification. Checked 2026-09-23."
1224100,Fort Meade,city,Polk,Polk,5341,online-html,municode,https://library.municode.com/fl/fort_meade,2250,14710,,2025-07-15,1,0,unstated,municode-api,2026-09-23,,"The city of Fort Meade in Polk County, Florida, publishes its code of ordinances as a searchable web code through Municode at https://library.municode.com/fl/fort_meade. Checked 2026-09-23."
1224125,Fort Myers,city,Lee,Lee,99918,online-html,municode,https://library.municode.com/fl/fort_myers,2253,13900,,2026-07-28,1,0,unstated,municode-api,2026-09-23,"the publisher states codification through an ordinance adopted June 15, 2026, which postdates the supplement it published on 0001-01-01, so the stated date is not recorded","The city of Fort Myers in Lee County, Florida, publishes its code of ordinances as a searchable web code through Municode at https://library.municode.com/fl/fort_myers. Checked 2026-09-23."
1224150,Fort Myers Beach,town,Lee,Lee,5308,online-html,municode,https://library.municode.com/fl/fort_myers_beach,8595,14562,2026-05-04,2026-08-03,1,0,unstated,municode-api,2026-09-23,,"The town of Fort Myers Beach in Lee County, Florida, publishes its code of ordinances as a searchable web code through Municode at https://library.municode.com/fl/fort_myers_beach. The code is codified through ordinances adopted 2026-05-04. Checked 2026-09-23."
1224300,Fort Pierce,city,St. Lucie,St. Lucie,50805,online-html,municode,https://library.municode.com/fl/fort_pierce,2257,10303,,2026-08-17,1,6,unstated,municode-api,2026-09-23,,"The city of Fort Pierce in St. Lucie County, Florida, publishes its code of ordinances as a searchable web code through Municode at https://library.municode.com/fl/fort_pierce. 6 adopted ordinance(s) await codification. Checked 2026-09-23."
1224475,Fort Walton Beach,city,Okaloosa,Okaloosa,21188,online-html,municode,https://library.municode.com/fl/fort_walton_beach,2263,14222,,2026-06-11,1,0,unstated,municode-api,2026-09-23,,"The city of Fort Walton Beach in Okaloosa County, Florida, publishes its code of ordinances as a searchable web code through Municode at https://library.municode.com/fl/fort_walton_beach. Checked 2026-09-23."
1224500,Fort White,town,Columbia,Columbia,669,online-html,municode,https://library.municode.com/fl/fort_white,15333,17558,,,0,0,unstated,municode-api,2026-09-23,,"The town of Fort White in Columbia County, Florida, publishes its code of ordinances as a searchable web code through Municode at https://library.municode.com/fl/fort_white. Checked 2026-09-23."
1224825,Freeport,city,Walton,Walton,7234,online-html,municode,https://library.municode.com/fl/freeport,2286,13962,2024-08-22,2025-07-30,1,0,unstated,municode-api,2026-09-23,,"The city of Freeport in Walton County, Florida, publishes its code of ordinances as a searchable web code through Municode at https://library.municode.com/fl/freeport. The code is codified through ordinances adopted 2024-08-22. Checked 2026-09-23."
1224900,Frostproof,city,Polk,Polk,3467,online-html,municode,https://library.municode.com/fl/frostproof,2297,10813,2025-06-16,2026-02-03,0,0,unstated,municode-api,2026-09-23,,"The city of Frostproof in Polk County, Florida, publishes its code of ordinances as a searchable web code through Municode at https://library.municode.com/fl/frostproof. The code is codified through ordinances adopted 2025-06-16. Checked 2026-09-23."
1224975,Fruitland Park,city,Lake,Lake,8962,online-html,municode,https://library.municode.com/fl/fruitland_park,2301,12514,,2026-06-08,1,3,unstated,municode-api,2026-09-23,,"The city of Fruitland Park in Lake County, Florida, publishes its code of ordinances as a searchable web code through Municode at https://library.municode.com/fl/fruitland_park. 3 adopted ordinance(s) await codification. Checked 2026-09-23."
1225175,Gainesville,city,Alachua,Alachua,148720,online-html,municode,https://library.municode.com/fl/gainesville,2308,10819,,2026-03-17,1,5,unstated,municode-api,2026-09-23,"the publisher states codification through an ordinance adopted August 7, 2025, which postdates the supplement it published on 0001-01-01, so the stated date is not recorded","The city of Gainesville in Alachua County, Florida, publishes its code of ordinances as a searchable web code through Municode at https://library.municode.com/fl/gainesville. 5 adopted ordinance(s) await codification. Checked 2026-09-23."
1226050,Glen Ridge,town,Palm Beach,Palm Beach,218,online-html,municode,https://library.municode.com/fl/glen_ridge,8649,14384,2008-11-05,2009-11-13,1,16,unstated,municode-api,2026-09-23,,"The town of Glen Ridge in Palm Beach County, Florida, publishes its code of ordinances as a searchable web code through Municode at https://library.municode.com/fl/glen_ridge. The code is codified through ordinances adopted 2008-11-05. 16 adopted ordinance(s) await codification. Checked 2026-09-23."
1226075,Glen St. Mary,town,Baker,Baker,504,online-pdf-only,self-hosted,https://glenstmary.govoffice.com/?SEC=E8C113A0-E487-46CA-8A42-16D1D9A5FECE,,,,,0,,unstated,manual,2026-09-23,"Glen St. Mary posts its land development code as Word documents by part, plus a list of individual ordinances from 1959 to 2025; the files are .doc, not PDF, and there is no codified general code.","The town of Glen St. Mary in Baker County, Florida, publishes its code of ordinances as a PDF through its own website at https://glenstmary.govoffice.com/?SEC=E8C113A0-E487-46CA-8A42-16D1D9A5FECE. Checked 2026-09-23."
1226250,Golden Beach,town,Miami-Dade,Miami-Dade,1034,online-html,municode,https://library.municode.com/fl/golden_beach,8656,12740,2026-01-20,2026-06-15,1,0,unstated,municode-api,2026-09-23,,"The town of Golden Beach in Miami-Dade County, Florida, publishes its code of ordinances as a searchable web code through Municode at https://library.municode.com/fl/golden_beach. The code is codified through ordinances adopted 2026-01-20. Checked 2026-09-23."
1226550,Golf,village,Palm Beach,Palm Beach,273,online-pdf-only,self-hosted,https://www.villageofgolf.org/building/page/land-development-regulations,,,2024-04-23,,0,,unstated,manual,2026-09-23,"The Village of Golf posts its Land Development Regulations as a PDF (updated April 2024) and every ordinance individually; the live site blocks automated access, so this was confirmed through Wayback snapshots.","The village of Golf in Palm Beach County, Florida, publishes its code of ordinances as a PDF through its own website at https://www.villageofgolf.org/building/page/land-development-regulations. The code is codified through ordinances adopted 2024-04-23. Checked 2026-09-23."
1227000,Graceville,city,Jackson,Jackson,2219,online-pdf-only,self-hosted,https://www.cityofgraceville.com/DocumentCenter/View/139/Graceville-Land-Use-Code,,,,,0,,unstated,manual,2026-09-23,Graceville's land development regulations (Ord. 86-0211 as amended) and its charter sit as scanned PDFs in the Document Center; there is no general code of ordinances online.,"The city of Graceville in Jackson County, Florida, publishes its code of ordinances as a PDF through its own website at https://www.cityofgraceville.com/DocumentCenter/View/139/Graceville-Land-Use-Code. Checked 2026-09-23."
1227175,Grand Ridge,town,Jackson,Jackson,925,unknown,none,,,,,,0,,unstated,manual,2026-09-23,"no commercial code publisher carries this jurisdiction, having checked the Municode client list and library resolver, the American Legal Florida region listing, eCode360 and MunicipalCodeOnline; Grand Ridge has no official website according to the Jackson County Supervisor of Elections, and its Land Development Code, which exists according to published legal notices, is not online.","The town of Grand Ridge in Jackson County, Florida, is carried by no commercial code publisher, and this survey could not confirm what it publishes instead. Checked 2026-09-23."
1227256,Grant-Valkaria,town,Brevard,Brevard,5730,ordinances-only,self-hosted,https://www.grantvalkaria.org/ordinances,,,,,0,,unstated,browser,2026-09-04,ordinances and resolutions listed individually,"The town of Grant-Valkaria in Brevard County, Florida, publishes individual ordinances online at https://www.grantvalkaria.org/ordinances but no codified code of ordinances. Checked 2026-09-04."
1227322,Greenacres,city,Palm Beach,Palm Beach,45197,online-html,municode,https://library.municode.com/fl/greenacres,2443,12151,2026-01-05,2026-05-07,1,0,unstated,municode-api,2026-09-23,,"The city of Greenacres in Palm Beach County, Florida, publishes its code of ordinances as a searchable web code through Municode at https://library.municode.com/fl/greenacres. The code is codified through ordinances adopted 2026-01-05. Checked 2026-09-23."
1227400,Green Cove Springs,city,Clay,Clay,10087,online-html,municode,https://library.municode.com/fl/green_cove_springs,2439,10857,,2026-08-21,1,0,unstated,municode-api,2026-09-23,,"The city of Green Cove Springs in Clay County, Florida, publishes its code of ordinances as a searchable web code through Municode at https://library.municode.com/fl/green_cove_springs. Checked 2026-09-23."
1227550,Greensboro,town,Gadsden,Gadsden,464,online-html,municode,https://library.municode.com/fl/greensboro,8690,13073,2017-12-11,2018-04-30,1,0,unstated,municode-api,2026-09-23,,"The town of Greensboro in Gadsden County, Florida, publishes its code of ordinances as a searchable web code through Municode at https://library.municode.com/fl/greensboro. The code is codified through ordinances adopted 2017-12-11. Checked 2026-09-23."
1227575,Greenville,town,Madison,Madison,774,online-html,municode,https://library.municode.com/fl/greenville,8691,15659,,2024-07-08,1,0,unstated,municode-api,2026-09-23,,"The town of Greenville in Madison County, Florida, publishes its code of ordinances as a searchable web code through Municode at https://library.municode.com/fl/greenville. Checked 2026-09-23."
1227600,Greenwood,town,Jackson,Jackson,561,online-pdf-only,self-hosted,https://townofgreenwoodfl.org/wp-content/uploads/2021/07/1997-land-development-regulations.pdf,,,,,0,,unstated,manual,2026-09-23,Greenwood posts its 1997 Land Development Regulation Code and every ordinance as PDFs at townofgreenwoodfl.org; the older townofgreenwood.org domain has been hijacked and is not the town's.,"The town of Greenwood in Jackson County, Florida, publishes its code of ordinances as a PDF through its own website at https://townofgreenwoodfl.org/wp-content/uploads/2021/07/1997-land-development-regulations.pdf. Checked 2026-09-23."
1227650,Gretna,city,Gadsden,Gadsden,1284,online-html,municode,https://library.municode.com/fl/gretna,2456,12511,,2019-07-12,0,0,unstated,municode-api,2026-09-23,,"The city of Gretna in Gadsden County, Florida, publishes its code of ordinances as a searchable web code through Municode at https://library.municode.com/fl/gretna. Checked 2026-09-23."
1227800,Groveland,city,Lake,Lake,24602,online-html,municode,https://library.municode.com/fl/groveland,2469,15132,,2026-02-02,1,2,unstated,municode-api,2026-09-23,,"The city of Groveland in Lake County, Florida, publishes its code of ordinances as a searchable web code through Municode at https://library.municode.com/fl/groveland. 2 adopted ordinance(s) await codification. Checked 2026-09-23."
1228000,Gulf Breeze,city,Santa Rosa,Santa Rosa,6955,online-html,municode,https://library.municode.com/fl/gulf_breeze,2477,14177,2025-10-20,2026-02-19,1,1,unstated,municode-api,2026-09-23,,"The city of Gulf Breeze in Santa Rosa County, Florida, publishes its code of ordinances as a searchable web code through Municode at https://library.municode.com/fl/gulf_breeze. The code is codified through ordinances adopted 2025-10-20. 1 adopted ordinance(s) await codification. Checked 2026-09-23."
1228175,Gulfport,city,Pinellas,Pinellas,11645,online-html,municode,https://library.municode.com/fl/gulfport,2479,10876,,2026-01-13,1,2,unstated,municode-api,2026-09-23,,"The city of Gulfport in Pinellas County, Florida, publishes its code of ordinances as a searchable web code through Municode at https://library.municode.com/fl/gulfport. 2 adopted ordinance(s) await codification. Checked 2026-09-23."
1228275,Gulf Stream,town,Palm Beach,Palm Beach,994,online-html,municode,https://library.municode.com/fl/gulf_stream,8705,14096,,2025-09-15,1,0,unstated,municode-api,2026-09-23,,"The town of Gulf Stream in Palm Beach County, Florida, publishes its code of ordinances as a searchable web code through Municode at https://library.municode.com/fl/gulf_stream. Checked 2026-09-23."
1228400,Haines City,city,Polk,Polk,42073,online-html,municode,https://library.municode.com/fl/haines_city,2492,10880,,2025-05-16,1,12,unstated,municode-api,2026-09-23,,"The city of Haines City in Polk County, Florida, publishes its code of ordinances as a searchable web code through Municode at https://library.municode.com/fl/haines_city. 12 adopted ordinance(s) await codification. Checked 2026-09-23."
1228452,Hallandale Beach,city,Broward,Broward,43043,online-html,municode,https://library.municode.com/fl/hallandale_beach,2495,14646,2026-05-20,2026-07-27,1,4,unstated,municode-api,2026-09-23,,"The city of Hallandale Beach in Broward County, Florida, publishes its code of ordinances as a searchable web code through Municode at https://library.municode.com/fl/hallandale_beach. The code is codified through ordinances adopted 2026-05-20. 4 adopted ordinance(s) await codification. Checked 2026-09-23."
1228575,Hampton,city,Bradford,Bradford,498,online-html,municode,https://library.municode.com/fl/hampton,19954,15614,,2024-03-28,1,0,unstated,municode-api,2026-09-23,,"The city of Hampton in Bradford County, Florida, publishes its code of ordinances as a searchable web code through Municode at https://library.municode.com/fl/hampton. Checked 2026-09-23."
1229150,Havana,town,Gadsden,Gadsden,1756,ordinances-only,self-hosted,https://townofhavana.com/ordinances,,,,,0,,unstated,browser,2026-09-04,individual ordinance PDFs including a performance zoning ordinance,"The town of Havana in Gadsden County, Florida, publishes individual ordinances online at https://townofhavana.com/ordinances but no codified code of ordinances. Checked 2026-09-04."
1229200,Haverhill,town,Palm Beach,Palm Beach,2225,online-html,municode,https://library.municode.com/fl/haverhill,8744,10899,,2025-10-30,1,0,unstated,municode-api,2026-09-23,,"The town of Haverhill in Palm Beach County, Florida, publishes its code of ordinances as a searchable web code through Municode at https://library.municode.com/fl/haverhill. Checked 2026-09-23."
1229275,Hawthorne,city,Alachua,Alachua,1529,online-html,municode,https://library.municode.com/fl/hawthorne,12811,13633,,2026-05-13,1,0,unstated,municode-api,2026-09-23,,"The city of Hawthorne in Alachua County, Florida, publishes its code of ordinances as a searchable web code through Municode at https://library.municode.com/fl/hawthorne. Checked 2026-09-23."
1230000,Hialeah,city,Miami-Dade,Miami-Dade,235388,online-html,municode,https://library.municode.com/fl/hialeah,2601,10914,,2025-11-11,1,0,unstated,municode-api,2026-09-23,,"The city of Hialeah in Miami-Dade County, Florida, publishes its code of ordinances as a searchable web code through Municode at https://library.municode.com/fl/hialeah. Checked 2026-09-23."
1230025,Hialeah Gardens,city,Miami-Dade,Miami-Dade,23328,online-html,municode,https://library.municode.com/fl/hialeah_gardens,2602,12956,,2025-05-01,1,0,unstated,municode-api,2026-09-23,,"The city of Hialeah Gardens in Miami-Dade County, Florida, publishes its code of ordinances as a searchable web code through Municode at https://library.municode.com/fl/hialeah_gardens. Checked 2026-09-23."
1230200,Highland Beach,town,Palm Beach,Palm Beach,4368,online-html,municode,https://library.municode.com/fl/highland_beach,8764,10919,2026-02-03,2026-04-10,1,1,unstated,municode-api,2026-09-23,,"The town of Highland Beach in Palm Beach County, Florida, publishes its code of ordinances as a searchable web code through Municode at https://library.municode.com/fl/highland_beach. The code is codified through ordinances adopted 2026-02-03. 1 adopted ordinance(s) await codification. Checked 2026-09-23."
1230325,Highland Park,village,Polk,Polk,285,online-pdf-only,self-hosted,https://www.highlandpark-fl.org/HighlandPark_LDRs_Adopted_Dec2013.pdf,,,,,0,,unstated,manual,2026-09-23,"Highland Park posts its Unified Land Development Code (adopted December 2012) as a PDF, plus a few individual ordinances; there is no general code of ordinances online.","The village of Highland Park in Polk County, Florida, publishes its code of ordinances as a PDF through its own website at https://www.highlandpark-fl.org/HighlandPark_LDRs_Adopted_Dec2013.pdf. Checked 2026-09-23."
1230525,High Springs,city,Alachua,Alachua,6806,online-html,municode,https://library.municode.com/fl/high_springs,2614,13258,2025-03-13,2026-03-16,1,0,unstated,municode-api,2026-09-23,,"The city of High Springs in Alachua County, Florida, publishes its code of ordinances as a searchable web code through Municode at https://library.municode.com/fl/high_springs. The code is codified through ordinances adopted 2025-03-13. Checked 2026-09-23."
1230700,Hillcrest Heights,town,Polk,Polk,282,online-pdf-only,self-hosted,"https://img1.wsimg.com/blobby/go/8d29a983-8b27-4959-9c04-53fa051cb421/downloads/Hillcrest%20Heights,%20FL%20Code%20thru%20Supp%20_2.pdf?ver=1599887158310",,,2014-07-14,,0,,unstated,manual,2026-09-23,"Hillcrest Heights' Municode-formatted Code of Ordinances (Supp. 2, 2018) is still online as a PDF left over from the town's old GoDaddy site; the town's domain has lapsed and been taken over, so there is no current official site.","The town of Hillcrest Heights in Polk County, Florida, publishes its code of ordinances as a PDF through its own website at https://img1.wsimg.com/blobby/go/8d29a983-8b27-4959-9c04-53fa051cb421/downloads/Hillcrest%20Heights,%20FL%20Code%20thru%20Supp%20_2.pdf?ver=1599887158310. The code is codified through ordinances adopted 2014-07-14. Checked 2026-09-23."
1230750,Hilliard,town,Nassau,Nassau,3077,online-html,municode,https://library.municode.com/fl/hilliard,8768,14456,,2026-07-17,1,0,unstated,municode-api,2026-09-23,,"The town of Hilliard in Nassau County, Florida, publishes its code of ordinances as a searchable web code through Municode at https://library.municode.com/fl/hilliard. Checked 2026-09-23."
1230850,Hillsboro Beach,town,Broward,Broward,2043,online-html,municode,https://library.municode.com/fl/hillsboro_beach,8770,15507,,2026-06-22,1,0,unstated,municode-api,2026-09-23,,"The town of Hillsboro Beach in Broward County, Florida, publishes its code of ordinances as a searchable web code through Municode at https://library.municode.com/fl/hillsboro_beach. Checked 2026-09-23."
1231350,Holly Hill,city,Volusia,Volusia,13183,online-html,municode,https://library.municode.com/fl/holly_hill,2647,10996,,2026-05-15,1,0,unstated,municode-api,2026-09-23,,"The city of Holly Hill in Volusia County, Florida, publishes its code of ordinances as a searchable web code through Municode at https://library.municode.com/fl/holly_hill. Checked 2026-09-23."
1232000,Hollywood,city,Broward,Broward,159073,online-html,american-legal,https://codelibrary.amlegal.com/codes/hollywood/latest/overview,,,2025-07-02,,0,,unstated,browser,2026-09-03,Zoning carried as a separate supplement,"The city of Hollywood in Broward County, Florida, publishes its code of ordinances as a searchable web code through American Legal Publishing at https://codelibrary.amlegal.com/codes/hollywood/latest/overview. The code is codified through ordinances adopted 2025-07-02. Checked 2026-09-03."
1232150,Holmes Beach,city,Manatee,Manatee,3049,online-html,municode,https://library.municode.com/fl/holmes_beach,2651,10998,,2026-05-08,1,5,unstated,municode-api,2026-09-23,,"The city of Holmes Beach in Manatee County, Florida, publishes its code of ordinances as a searchable web code through Municode at https://library.municode.com/fl/holmes_beach. 5 adopted ordinance(s) await codification. Checked 2026-09-23."
1232275,Homestead,city,Miami-Dade,Miami-Dade,85796,online-html,municode,https://library.municode.com/fl/homestead,2658,11541,,2026-05-18,1,15,unstated,municode-api,2026-09-23,,"The city of Homestead in Miami-Dade County, Florida, publishes its code of ordinances as a searchable web code through Municode at https://library.municode.com/fl/homestead. 15 adopted ordinance(s) await codification. Checked 2026-09-23."
1232650,Horseshoe Beach,town,Dixie,Dixie,173,online-html,municode,https://library.municode.com/fl/horseshoe_beach,15337,17022,2022-01-06,2024-02-22,1,0,unstated,municode-api,2026-09-23,,"The town of Horseshoe Beach in Dixie County, Florida, publishes its code of ordinances as a searchable web code through Municode at https://library.municode.com/fl/horseshoe_beach. The code is codified through ordinances adopted 2022-01-06. Checked 2026-09-23."
1232775,Howey-in-the-Hills,town,Lake,Lake,1693,online-html,municode,https://library.municode.com/fl/howey-in-the-hills,8802,13169,2026-01-12,2026-06-18,1,3,unstated,municode-api,2026-09-23,,"The town of Howey-in-the-Hills in Lake County, Florida, publishes its code of ordinances as a searchable web code through Municode at https://library.municode.com/fl/howey-in-the-hills. The code is codified through ordinances adopted 2026-01-12. 3 adopted ordinance(s) await codification. Checked 2026-09-23."
1233150,Hypoluxo,town,Palm Beach,Palm Beach,2941,online-html,municode,https://library.municode.com/fl/hypoluxo,8817,12498,,2021-09-30,1,0,unstated,municode-api,2026-09-23,,"The town of Hypoluxo in Palm Beach County, Florida, publishes its code of ordinances as a searchable web code through Municode at https://library.municode.com/fl/hypoluxo. Checked 2026-09-23."
1233375,Indialantic,town,Brevard,Brevard,3117,online-html,municode,https://library.municode.com/fl/indialantic,8818,10956,2026-03-11,2026-07-27,1,6,unstated,municode-api,2026-09-23,,"The town of Indialantic in Brevard County, Florida, publishes its code of ordinances as a searchable web code through Municode at https://library.municode.com/fl/indialantic. The code is codified through ordinances adopted 2026-03-11. 6 adopted ordinance(s) await codification. Checked 2026-09-23."
1233425,Indian Creek,village,Miami-Dade,Miami-Dade,89,online-html,municode,https://library.municode.com/fl/indian_creek_village,10514,12441,,2024-10-25,1,0,unstated,municode-api,2026-09-23,,"The village of Indian Creek in Miami-Dade County, Florida, publishes its code of ordinances as a searchable web code through Municode at https://library.municode.com/fl/indian_creek_village. Checked 2026-09-23."
1233450,Indian Harbour Beach,city,Brevard,Brevard,9006,online-html,municode,https://library.municode.com/fl/indian_harbour_beach,2717,11020,,2026-06-26,1,4,unstated,municode-api,2026-09-23,,"The city of Indian Harbour Beach in Brevard County, Florida, publishes its code of ordinances as a searchable web code through Municode at https://library.municode.com/fl/indian_harbour_beach. 4 adopted ordinance(s) await codification. Checked 2026-09-23."
1233600,Indian River Shores,town,Indian River,Indian River,4466,online-html,municode,https://library.municode.com/fl/indian_river_shores,8821,19990,,2026-06-18,1,13,unstated,municode-api,2026-09-23,,"The town of Indian River Shores in Indian River County, Florida, publishes its code of ordinances as a searchable web code through Municode at https://library.municode.com/fl/indian_river_shores. 13 adopted ordinance(s) await codification. Checked 2026-09-23."
1233625,Indian Rocks Beach,city,Pinellas,Pinellas,3637,online-html,municode,https://library.municode.com/fl/indian_rocks_beach,2718,12039,,2025-01-29,1,3,unstated,municode-api,2026-09-23,,"The city of Indian Rocks Beach in Pinellas County, Florida, publishes its code of ordinances as a searchable web code through Municode at https://library.municode.com/fl/indian_rocks_beach. 3 adopted ordinance(s) await codification. Checked 2026-09-23."
1233675,Indian Shores,town,Pinellas,Pinellas,1190,online-html,municode,https://library.municode.com/fl/indian_shores,8822,11022,,2026-06-11,1,0,unstated,municode-api,2026-09-23,,"The town of Indian Shores in Pinellas County, Florida, publishes its code of ordinances as a searchable web code through Municode at https://library.municode.com/fl/indian_shores. Checked 2026-09-23."
1233700,Indiantown,village,Martin,Martin,6810,online-html,municode,https://library.municode.com/fl/indiantown,20232,17415,,,0,0,unstated,municode-api,2026-09-23,,"The village of Indiantown in Martin County, Florida, publishes its code of ordinances as a searchable web code through Municode at https://library.municode.com/fl/indiantown. Checked 2026-09-23."
1233800,Inglis,town,Levy,Levy,1622,online-html,municode,https://library.municode.com/fl/inglis,8824,10029,,2026-02-20,0,0,unstated,municode-api,2026-09-23,,"The town of Inglis in Levy County, Florida, publishes its code of ordinances as a searchable web code through Municode at https://library.municode.com/fl/inglis. Checked 2026-09-23."
1233900,Interlachen,town,Putnam,Putnam,1508,ordinances-only,self-hosted,https://www.interlachen-fl.gov/,,,,,0,,unstated,browser,2026-09-04,individual ordinances on the town site,"The town of Interlachen in Putnam County, Florida, publishes individual ordinances online at https://www.interlachen-fl.gov/ but no codified code of ordinances. Checked 2026-09-04."
1233950,Inverness,city,Citrus,Citrus,7887,online-html,municode,https://library.municode.com/fl/inverness,2728,11026,,2026-05-18,1,1,unstated,municode-api,2026-09-23,,"The city of Inverness in Citrus County, Florida, publishes its code of ordinances as a searchable web code through Municode at https://library.municode.com/fl/inverness. 1 adopted ordinance(s) await codification. Checked 2026-09-23."
1234132,Islamorada,village,Monroe,Monroe,7013,online-html,municode,https://library.municode.com/fl/islamorada,10520,41338,,,0,0,unstated,municode-api,2026-09-23,,"The village of Islamorada in Monroe County, Florida, publishes its code of ordinances as a searchable web code through Municode at https://library.municode.com/fl/islamorada. Checked 2026-09-23."
1235000,Jacksonville,city,Duval,Duval,1009833,online-html,municode,https://library.municode.com/fl/jacksonville,11845,12174,,2026-07-10,1,17,unstated,municode-api,2026-09-23,,"The city of Jacksonville in Duval County, Florida, publishes its code of ordinances as a searchable web code through Municode at https://library.municode.com/fl/jacksonville. 17 adopted ordinance(s) await codification. Checked 2026-09-23."
1235050,Jacksonville Beach,city,Duval,Duval,23630,online-html,municode,https://library.municode.com/fl/jacksonville_beach,2757,11041,2026-05-04,2026-07-07,1,2,unstated,municode-api,2026-09-23,,"The city of Jacksonville Beach in Duval County, Florida, publishes its code of ordinances as a searchable web code through Municode at https://library.municode.com/fl/jacksonville_beach. The code is codified through ordinances adopted 2026-05-04. 2 adopted ordinance(s) await codification. Checked 2026-09-23."
1235200,Jacob City,city,Jackson,Jackson,230,no-online-code,none,,,,,,0,,unstated,manual,2026-09-23,"Jacob City's official site posts no ordinances, code, charter or land development regulations; its Documents page is empty.","The city of Jacob City in Jackson County, Florida, publishes no code of ordinances online. Checked 2026-09-23."
1235375,Jasper,city,Hamilton,Hamilton,3549,online-pdf-only,planning-council,https://www.ncfrpc.org/MapsAndPlans/CitiesAndTowns/Jasper/LDR_Jasper_19_Tan.pdf,,,2019-08-12,,0,,unstated,manual,2026-09-23,"The city publishes only its land development regulations, as a PDF hosted by the North Central Florida Regional Planning Council; no general code of ordinances was found online.","The city of Jasper in Hamilton County, Florida, publishes its code of ordinances as a PDF through its regional planning council at https://www.ncfrpc.org/MapsAndPlans/CitiesAndTowns/Jasper/LDR_Jasper_19_Tan.pdf. The code is codified through ordinances adopted 2019-08-12. Checked 2026-09-23."
1235425,Jay,town,Santa Rosa,Santa Rosa,583,online-html,municipal-code-online,https://jay.municipalcodeonline.com/book?type=ordinances,,,,,0,,unstated,browser,2026-09-04,moved off Municode; the Municode library slug no longer resolves,"The town of Jay in Santa Rosa County, Florida, publishes its code of ordinances as a searchable web code through MunicipalCodeOnline at https://jay.municipalcodeonline.com/book?type=ordinances. Checked 2026-09-04."
1235525,Jennings,town,Hamilton,Hamilton,772,online-pdf-only,planning-council,https://www.ncfrpc.org/MapsAndPlans/CitiesAndTowns/Jennings/LDR_Jennings92_Green.pdf,,,1992-11-05,,0,,unstated,manual,2026-09-23,"No official town website exists; the only code found online is the town's 1992 land development regulations as a PDF on the regional planning council's server, and it may be out of date.","The town of Jennings in Hamilton County, Florida, publishes its code of ordinances as a PDF through its regional planning council at https://www.ncfrpc.org/MapsAndPlans/CitiesAndTowns/Jennings/LDR_Jennings92_Green.pdf. The code is codified through ordinances adopted 1992-11-05. Checked 2026-09-23."
1235850,Juno Beach,town,Palm Beach,Palm Beach,3969,online-html,municode,https://library.municode.com/fl/juno_beach,8849,14224,2024-06-26,2025-02-03,1,2,unstated,municode-api,2026-09-23,,"The town of Juno Beach in Palm Beach County, Florida, publishes its code of ordinances as a searchable web code through Municode at https://library.municode.com/fl/juno_beach. The code is codified through ordinances adopted 2024-06-26. 2 adopted ordinance(s) await codification. Checked 2026-09-23."
1235875,Jupiter,town,Palm Beach,Palm Beach,62987,online-html,municode,https://library.municode.com/fl/jupiter,8850,11062,,2026-07-15,1,4,unstated,municode-api,2026-09-23,,"The town of Jupiter in Palm Beach County, Florida, publishes its code of ordinances as a searchable web code through Municode at https://library.municode.com/fl/jupiter. 4 adopted ordinance(s) await codification. Checked 2026-09-23."
1235900,Jupiter Inlet Colony,town,Palm Beach,Palm Beach,456,online-html,municode,https://library.municode.com/fl/jupiter_inlet_colony,8851,14083,,2025-09-30,1,0,unstated,municode-api,2026-09-23,,"The town of Jupiter Inlet Colony in Palm Beach County, Florida, publishes its code of ordinances as a searchable web code through Municode at https://library.municode.com/fl/jupiter_inlet_colony. Checked 2026-09-23."
1235925,Jupiter Island,town,Martin,Martin,837,online-html,municode,https://library.municode.com/fl/jupiter_island,8852,12535,,2026-08-10,1,0,unstated,municode-api,2026-09-23,,"The town of Jupiter Island in Martin County, Florida, publishes its code of ordinances as a searchable web code through Municode at https://library.municode.com/fl/jupiter_island. Checked 2026-09-23."
1236175,Kenneth City,town,Pinellas,Pinellas,4966,online-html,municode,https://library.municode.com/fl/kenneth_city,8861,10077,,2026-07-27,1,4,unstated,municode-api,2026-09-23,,"The town of Kenneth City in Pinellas County, Florida, publishes its code of ordinances as a searchable web code through Municode at https://library.municode.com/fl/kenneth_city. 4 adopted ordinance(s) await codification. Checked 2026-09-23."
1236300,Key Biscayne,village,Miami-Dade,Miami-Dade,15111,online-html,municode,https://library.municode.com/fl/key_biscayne,10536,12518,2026-03-10,2026-04-27,1,1,unstated,municode-api,2026-09-23,,"The village of Key Biscayne in Miami-Dade County, Florida, publishes its code of ordinances as a searchable web code through Municode at https://library.municode.com/fl/key_biscayne. The code is codified through ordinances adopted 2026-03-10. 1 adopted ordinance(s) await codification. Checked 2026-09-23."
1236325,Key Colony Beach,city,Monroe,Monroe,749,online-html,municode,https://library.municode.com/fl/key_colony_beach,2836,11080,,2026-07-31,1,1,unstated,municode-api,2026-09-23,,"The city of Key Colony Beach in Monroe County, Florida, publishes its code of ordinances as a searchable web code through Municode at https://library.municode.com/fl/key_colony_beach. 1 adopted ordinance(s) await codification. Checked 2026-09-23."
1236475,Keystone Heights,city,Clay,Clay,1566,online-html,municode,https://library.municode.com/fl/keystone_heights,2839,15323,,2025-05-28,1,9,unstated,municode-api,2026-09-23,,"The city of Keystone Heights in Clay County, Florida, publishes its code of ordinances as a searchable web code through Municode at https://library.municode.com/fl/keystone_heights. 9 adopted ordinance(s) await codification. Checked 2026-09-23."
1236550,Key West,city,Monroe,Monroe,25240,online-html,municode,https://library.municode.com/fl/key_west,2837,10053,,2026-08-21,1,0,unstated,municode-api,2026-09-23,,"The city of Key West in Monroe County, Florida, publishes its code of ordinances as a searchable web code through Municode at https://library.municode.com/fl/key_west. Checked 2026-09-23."
1236950,Kissimmee,city,Osceola,Osceola,84756,online-html,municode,https://library.municode.com/fl/kissimmee,2866,15261,2025-02-04,2025-08-22,1,14,unstated,municode-api,2026-09-23,,"The city of Kissimmee in Osceola County, Florida, publishes its code of ordinances as a searchable web code through Municode at https://library.municode.com/fl/kissimmee. The code is codified through ordinances adopted 2025-02-04. 14 adopted ordinance(s) await codification. Checked 2026-09-23."
1237225,LaBelle,city,Hendry,Hendry,5472,online-html,municode,https://library.municode.com/fl/labelle,2895,10039,2025-06-12,2026-02-26,1,2,unstated,municode-api,2026-09-23,,"The city of LaBelle in Hendry County, Florida, publishes its code of ordinances as a searchable web code through Municode at https://library.municode.com/fl/labelle. The code is codified through ordinances adopted 2025-06-12. 2 adopted ordinance(s) await codification. Checked 2026-09-23."
1237300,La Crosse,town,Alachua,Alachua,324,online-pdf-only,planning-council,https://www.ncfrpc.org/MapsAndPlans/CitiesAndTowns/LaCrosse/LDR_LaCrosse_20_Canary.pdf,,,2020-02-10,,0,,unstated,manual,2026-09-23,"The town's land development regulations are published as a PDF, both on the town site's Google Drive link and at the regional planning council; no general code of ordinances was found.","The town of La Crosse in Alachua County, Florida, publishes its code of ordinances as a PDF through its regional planning council at https://www.ncfrpc.org/MapsAndPlans/CitiesAndTowns/LaCrosse/LDR_LaCrosse_20_Canary.pdf. The code is codified through ordinances adopted 2020-02-10. Checked 2026-09-23."
1237375,Lady Lake,town,Lake,Lake,17288,online-html,municode,https://library.municode.com/fl/lady_lake,8891,12012,,2026-07-01,1,0,unstated,municode-api,2026-09-23,,"The town of Lady Lake in Lake County, Florida, publishes its code of ordinances as a searchable web code through Municode at https://library.municode.com/fl/lady_lake. Checked 2026-09-23."
1237525,Lake Alfred,city,Polk,Polk,8632,online-html,municode,https://library.municode.com/fl/lake_alfred,2910,11111,,2026-06-12,1,0,unstated,municode-api,2026-09-23,,"The city of Lake Alfred in Polk County, Florida, publishes its code of ordinances as a searchable web code through Municode at https://library.municode.com/fl/lake_alfred. Checked 2026-09-23."
1237625,Lake Buena Vista,city,Orange,Orange,25,online-pdf-only,county-code,https://www.oversightdistrict.org/wp-content/uploads/2024/09/CFTOD_LDR_2024_rev091124.pdf,,,2024-09-11,,0,,unstated,manual,2026-09-23,"The city has no code of its own online; land use is governed by the Central Florida Tourism Oversight District's land development regulations, which name the city on the cover, and the city posts only agenda packets.","The city of Lake Buena Vista in Orange County, Florida, is governed by the code of the county or district that regulates its land use, published at https://www.oversightdistrict.org/wp-content/uploads/2024/09/CFTOD_LDR_2024_rev091124.pdf. The code is codified through ordinances adopted 2024-09-11. Checked 2026-09-23."
1237650,Lake Butler,city,Union,Union,1983,online-html,municode,https://library.municode.com/fl/lake_butler,2912,14892,,2026-01-08,1,0,unstated,municode-api,2026-09-23,,"The city of Lake Butler in Union County, Florida, publishes its code of ordinances as a searchable web code through Municode at https://library.municode.com/fl/lake_butler. Checked 2026-09-23."
1237775,Lake City,city,Columbia,Columbia,12783,online-html,municode,https://library.municode.com/fl/lake_city,2914,11113,,2026-07-01,1,0,unstated,municode-api,2026-09-23,,"The city of Lake City in Columbia County, Florida, publishes its code of ordinances as a searchable web code through Municode at https://library.municode.com/fl/lake_city. Checked 2026-09-23."
1237800,Lake Clarke Shores,town,Palm Beach,Palm Beach,3629,online-html,municode,https://library.municode.com/fl/lake_clarke_shores,8899,12818,,2026-05-12,1,0,unstated,municode-api,2026-09-23,,"The town of Lake Clarke Shores in Palm Beach County, Florida, publishes its code of ordinances as a searchable web code through Municode at https://library.municode.com/fl/lake_clarke_shores. Checked 2026-09-23."
1237975,Lake Hamilton,town,Polk,Polk,2126,online-html,municode,https://library.municode.com/fl/lake_hamilton,8901,14971,,2026-05-14,1,0,unstated,municode-api,2026-09-23,,"The town of Lake Hamilton in Polk County, Florida, publishes its code of ordinances as a searchable web code through Municode at https://library.municode.com/fl/lake_hamilton. Checked 2026-09-23."
1238025,Lake Helen,city,Volusia,Volusia,2988,online-html,municode,https://library.municode.com/fl/lake_helen,2922,10160,,2025-09-15,1,0,unstated,municode-api,2026-09-23,,"The city of Lake Helen in Volusia County, Florida, publishes its code of ordinances as a searchable web code through Municode at https://library.municode.com/fl/lake_helen. Checked 2026-09-23."
1238250,Lakeland,city,Polk,Polk,124990,online-html,municode,https://library.municode.com/fl/lakeland,2937,10955,,2026-04-01,1,1,unstated,municode-api,2026-09-23,,"The city of Lakeland in Polk County, Florida, publishes its code of ordinances as a searchable web code through Municode at https://library.municode.com/fl/lakeland. 1 adopted ordinance(s) await codification. Checked 2026-09-23."
1238425,Lake Mary,city,Seminole,Seminole,16989,online-html,american-legal,https://codelibrary.amlegal.com/codes/lakemary/latest/overview,,,2024-06-20,,0,,unstated,browser,2026-09-03,,"The city of Lake Mary in Seminole County, Florida, publishes its code of ordinances as a searchable web code through American Legal Publishing at https://codelibrary.amlegal.com/codes/lakemary/latest/overview. The code is codified through ordinances adopted 2024-06-20. Checked 2026-09-03."
1238600,Lake Park,town,Palm Beach,Palm Beach,9188,online-html,municode,https://library.municode.com/fl/lake_park,8906,13850,2026-02-04,2026-05-26,1,0,unstated,municode-api,2026-09-23,,"The town of Lake Park in Palm Beach County, Florida, publishes its code of ordinances as a searchable web code through Municode at https://library.municode.com/fl/lake_park. The code is codified through ordinances adopted 2026-02-04. Checked 2026-09-23."
1238625,Lake Placid,town,Highlands,Highlands,2561,online-html,municode,https://library.municode.com/fl/lake_placid,8907,12661,,2026-07-06,1,0,unstated,municode-api,2026-09-23,,"The town of Lake Placid in Highlands County, Florida, publishes its code of ordinances as a searchable web code through Municode at https://library.municode.com/fl/lake_placid. Checked 2026-09-23."
1238950,Lake Wales,city,Polk,Polk,17798,online-html,municode,https://library.municode.com/fl/lake_wales,2934,14370,,2026-08-24,1,1,unstated,municode-api,2026-09-23,,"The city of Lake Wales in Polk County, Florida, publishes its code of ordinances as a searchable web code through Municode at https://library.municode.com/fl/lake_wales. 1 adopted ordinance(s) await codification. Checked 2026-09-23."
1239081,Lake Worth Beach,city,Palm Beach,Palm Beach,44417,online-html,municode,https://library.municode.com/fl/lake_worth_beach,2936,10091,,2026-08-20,1,4,unstated,municode-api,2026-09-23,,"The city of Lake Worth Beach in Palm Beach County, Florida, publishes its code of ordinances as a searchable web code through Municode at https://library.municode.com/fl/lake_worth_beach. 4 adopted ordinance(s) await codification. Checked 2026-09-23."
1239375,Lantana,town,Palm Beach,Palm Beach,12545,online-html,municode,https://library.municode.com/fl/lantana,8918,11133,2026-03-09,2026-05-26,1,5,unstated,municode-api,2026-09-23,,"The town of Lantana in Palm Beach County, Florida, publishes its code of ordinances as a searchable web code through Municode at https://library.municode.com/fl/lantana. The code is codified through ordinances adopted 2026-03-09. 5 adopted ordinance(s) await codification. Checked 2026-09-23."
1239425,Largo,city,Pinellas,Pinellas,82337,online-html,municode,https://library.municode.com/fl/largo,2957,13786,2026-06-02,2026-08-05,1,5,unstated,municode-api,2026-09-23,,"The city of Largo in Pinellas County, Florida, publishes its code of ordinances as a searchable web code through Municode at https://library.municode.com/fl/largo. The code is codified through ordinances adopted 2026-06-02. 5 adopted ordinance(s) await codification. Checked 2026-09-23."
1239475,Lauderdale-by-the-Sea,town,Broward,Broward,6365,online-html,municode,https://library.municode.com/fl/lauderdale-by-the-sea,8922,14833,2026-02-10,2026-06-10,1,0,unstated,municode-api,2026-09-23,,"The town of Lauderdale-by-the-Sea in Broward County, Florida, publishes its code of ordinances as a searchable web code through Municode at https://library.municode.com/fl/lauderdale-by-the-sea. The code is codified through ordinances adopted 2026-02-10. Checked 2026-09-23."
1239525,Lauderdale Lakes,city,Broward,Broward,37333,online-html,municode,https://library.municode.com/fl/lauderdale_lakes,2967,19971,,2025-06-16,1,2,unstated,municode-api,2026-09-23,,"The city of Lauderdale Lakes in Broward County, Florida, publishes its code of ordinances as a searchable web code through Municode at https://library.municode.com/fl/lauderdale_lakes. 2 adopted ordinance(s) await codification. Checked 2026-09-23."
1239550,Lauderhill,city,Broward,Broward,76627,online-html,municode,https://library.municode.com/fl/lauderhill,2968,10006,,2026-08-17,1,0,unstated,municode-api,2026-09-23,,"The city of Lauderhill in Broward County, Florida, publishes its code of ordinances as a searchable web code through Municode at https://library.municode.com/fl/lauderhill. Checked 2026-09-23."
1239650,Laurel Hill,city,Okaloosa,Okaloosa,606,unknown,unknown,,,,,,0,,unstated,manual,2026-09-23,"no commercial code publisher carries this jurisdiction, having checked the Municode client list and library resolver, the American Legal Florida region listing, eCode360 and MunicipalCodeOnline; No official website was found, and no code or ordinances for Laurel Hill are published online; the county routes inquiries to the city clerk by email.","The city of Laurel Hill in Okaloosa County, Florida, is carried by no commercial code publisher, and this survey could not confirm what it publishes instead. Checked 2026-09-23."
1239700,Lawtey,city,Bradford,Bradford,682,no-online-code,none,,,,,,0,,unstated,manual,2026-09-23,"The official site refers to a city code of ordinances but posts none, and the stray ordinance files on the server belong to Starke and Live Oak, not Lawtey.","The city of Lawtey in Bradford County, Florida, publishes no code of ordinances online. Checked 2026-09-23."
1239725,Layton,city,Monroe,Monroe,208,online-html,municode,https://library.municode.com/fl/layton,13184,14368,,2021-11-29,1,0,unstated,municode-api,2026-09-23,,"The city of Layton in Monroe County, Florida, publishes its code of ordinances as a searchable web code through Municode at https://library.municode.com/fl/layton. Checked 2026-09-23."
1239750,Lazy Lake,village,Broward,Broward,35,ordinances-only,self-hosted,https://lazylakefl.us/ordinances,,,,,0,,unstated,manual,2026-09-23,The village posts two individual ordinances as PDFs and no codified code; Broward County code enforcement handles village ordinance enforcement.,"The village of Lazy Lake in Broward County, Florida, publishes individual ordinances online at https://lazylakefl.us/ordinances but no codified code of ordinances. Checked 2026-09-23."
1239850,Lee,town,Madison,Madison,380,online-pdf-only,self-hosted,https://www.leeflorida.org/3177-2/,,,,,0,,unstated,manual,2026-09-23,"The town posts its land development regulations as one PDF per article, and its individual ordinances from 1981 through 2025 with a 2020 master index, but has no browsable codified code.","The town of Lee in Madison County, Florida, publishes its code of ordinances as a PDF through its own website at https://www.leeflorida.org/3177-2/. Checked 2026-09-23."
1239875,Leesburg,city,Lake,Lake,37815,online-html,municode,https://library.municode.com/fl/leesburg,2995,10282,2024-10-14,2025-06-18,1,0,unstated,municode-api,2026-09-23,,"The city of Leesburg in Lake County, Florida, publishes its code of ordinances as a searchable web code through Municode at https://library.municode.com/fl/leesburg. The code is codified through ordinances adopted 2024-10-14. Checked 2026-09-23."
1240450,Lighthouse Point,city,Broward,Broward,10878,online-pdf-only,self-hosted,https://www.lighthousepointfl.gov/211/Code-of-Ordinances,,,,,0,,unstated,browser,2026-09-04,city rewrote the code in two parts and hosts it; Municode carries a hidden copy last updated 2018,"The city of Lighthouse Point in Broward County, Florida, publishes its code of ordinances as a PDF through its own website at https://www.lighthousepointfl.gov/211/Code-of-Ordinances. Checked 2026-09-04."
1240875,Live Oak,city,Suwannee,Suwannee,7200,online-html,municode,https://library.municode.com/fl/live_oak,12858,12412,2023-11-14,2024-04-30,1,0,unstated,municode-api,2026-09-23,,"The city of Live Oak in Suwannee County, Florida, publishes its code of ordinances as a searchable web code through Municode at https://library.municode.com/fl/live_oak. The code is codified through ordinances adopted 2023-11-14. Checked 2026-09-23."
1241150,Longboat Key,town,Sarasota,Sarasota|Manatee,7463,online-html,municode,https://library.municode.com/fl/longboat_key,8987,14959,,2026-07-07,1,1,unstated,municode-api,2026-09-23,,"The town of Longboat Key in Sarasota County, Florida, publishes its code of ordinances as a searchable web code through Municode at https://library.municode.com/fl/longboat_key. 1 adopted ordinance(s) await codification. Checked 2026-09-23."
1241250,Longwood,city,Seminole,Seminole,17089,online-html,municode,https://library.municode.com/fl/longwood,3073,13823,,2026-05-21,1,5,unstated,municode-api,2026-09-23,,"The city of Longwood in Seminole County, Florida, publishes its code of ordinances as a searchable web code through Municode at https://library.municode.com/fl/longwood. 5 adopted ordinance(s) await codification. Checked 2026-09-23."
1241577,Loxahatchee Groves,town,Palm Beach,Palm Beach,3559,online-html,municode,https://library.municode.com/fl/loxahatchee_groves,16534,15579,2025-12-02,2026-03-02,1,1,unstated,municode-api,2026-09-23,,"The town of Loxahatchee Groves in Palm Beach County, Florida, publishes its code of ordinances as a searchable web code through Municode at https://library.municode.com/fl/loxahatchee_groves. The code is codified through ordinances adopted 2025-12-02. 1 adopted ordinance(s) await codification. Checked 2026-09-23."
1241825,Lynn Haven,city,Bay,Bay,21954,online-html,municode,https://library.municode.com/fl/lynn_haven,3118,14573,,2026-08-05,1,0,unstated,municode-api,2026-09-23,,"The city of Lynn Haven in Bay County, Florida, publishes its code of ordinances as a searchable web code through Municode at https://library.municode.com/fl/lynn_haven. Checked 2026-09-23."
1241950,Macclenny,city,Baker,Baker,8178,online-html,municode,https://library.municode.com/fl/macclenny,3123,12570,,2026-06-26,1,0,unstated,municode-api,2026-09-23,,"The city of Macclenny in Baker County, Florida, publishes its code of ordinances as a searchable web code through Municode at https://library.municode.com/fl/macclenny. Checked 2026-09-23."
1242150,McIntosh,town,Marion,Marion,532,online-html,municode,https://library.municode.com/fl/mcintosh,13399,14376,,2026-02-25,1,0,unstated,municode-api,2026-09-23,,"The town of McIntosh in Marion County, Florida, publishes its code of ordinances as a searchable web code through Municode at https://library.municode.com/fl/mcintosh. Checked 2026-09-23."
1242400,Madeira Beach,city,Pinellas,Pinellas,4014,online-html,municode,https://library.municode.com/fl/madeira_beach,3129,13126,,2026-04-24,1,1,unstated,municode-api,2026-09-23,,"The city of Madeira Beach in Pinellas County, Florida, publishes its code of ordinances as a searchable web code through Municode at https://library.municode.com/fl/madeira_beach. 1 adopted ordinance(s) await codification. Checked 2026-09-23."
1242425,Madison,city,Madison,Madison,2994,online-html,municode,https://library.municode.com/fl/madison,11614,14594,,2025-10-03,1,0,unstated,municode-api,2026-09-23,,"The city of Madison in Madison County, Florida, publishes its code of ordinances as a searchable web code through Municode at https://library.municode.com/fl/madison. Checked 2026-09-23."
1242575,Maitland,city,Orange,Orange,19776,online-html,municode,https://library.municode.com/fl/maitland,3141,10963,,2025-11-04,1,4,unstated,municode-api,2026-09-23,,"The city of Maitland in Orange County, Florida, publishes its code of ordinances as a searchable web code through Municode at https://library.municode.com/fl/maitland. 4 adopted ordinance(s) await codification. Checked 2026-09-23."
1242625,Malabar,town,Brevard,Brevard,3175,online-html,municode,https://library.municode.com/fl/malabar,9025,11814,,2025-10-23,0,0,unstated,municode-api,2026-09-23,,"The town of Malabar in Brevard County, Florida, publishes its code of ordinances as a searchable web code through Municode at https://library.municode.com/fl/malabar. Checked 2026-09-23."
1242650,Malone,town,Jackson,Jackson,1642,no-online-code,none,,,,,,0,,unstated,manual,2026-09-23,"The town's official site posts no code, land development regulations or ordinances, apart from a mention that a fair housing ordinance exists.","The town of Malone in Jackson County, Florida, publishes no code of ordinances online. Checked 2026-09-23."
1242700,Manalapan,town,Palm Beach,Palm Beach,441,online-html,municode,https://library.municode.com/fl/manalapan,13185,15604,2025-05-20,2025-10-01,1,6,unstated,municode-api,2026-09-23,,"The town of Manalapan in Palm Beach County, Florida, publishes its code of ordinances as a searchable web code through Municode at https://library.municode.com/fl/manalapan. The code is codified through ordinances adopted 2025-05-20. 6 adopted ordinance(s) await codification. Checked 2026-09-23."
1242900,Mangonia Park,town,Palm Beach,Palm Beach,2643,online-html,municode,https://library.municode.com/fl/mangonia_park,9032,10066,2023-07-18,2025-07-28,0,0,unstated,municode-api,2026-09-23,,"The town of Mangonia Park in Palm Beach County, Florida, publishes its code of ordinances as a searchable web code through Municode at https://library.municode.com/fl/mangonia_park. The code is codified through ordinances adopted 2023-07-18. Checked 2026-09-23."
1243000,Marathon,city,Monroe,Monroe,10039,online-html,municode,https://library.municode.com/fl/marathon,12861,41348,,,0,0,unstated,municode-api,2026-09-23,,"The city of Marathon in Monroe County, Florida, publishes its code of ordinances as a searchable web code through Municode at https://library.municode.com/fl/marathon. Checked 2026-09-23."
1243083,Marco Island,city,Collier,Collier,16554,online-html,municode,https://library.municode.com/fl/marco_island,3175,14000,2026-05-04,2026-07-28,1,1,unstated,municode-api,2026-09-23,,"The city of Marco Island in Collier County, Florida, publishes its code of ordinances as a searchable web code through Municode at https://library.municode.com/fl/marco_island. The code is codified through ordinances adopted 2026-05-04. 1 adopted ordinance(s) await codification. Checked 2026-09-23."
1243125,Margate,city,Broward,Broward,60650,online-html,municode,https://library.municode.com/fl/margate,3178,10964,,2025-06-25,1,10,unstated,municode-api,2026-09-23,,"The city of Margate in Broward County, Florida, publishes its code of ordinances as a searchable web code through Municode at https://library.municode.com/fl/margate. 10 adopted ordinance(s) await codification. Checked 2026-09-23."
1243175,Marianna,city,Jackson,Jackson,7975,online-html,municode,https://library.municode.com/fl/marianna,12077,11222,2024-11-05,2025-12-19,1,4,unstated,municode-api,2026-09-23,,"The city of Marianna in Jackson County, Florida, publishes its code of ordinances as a searchable web code through Municode at https://library.municode.com/fl/marianna. The code is codified through ordinances adopted 2024-11-05. 4 adopted ordinance(s) await codification. Checked 2026-09-23."
1243250,Marineland,town,Flagler,Flagler|St. Johns,9,unknown,unknown,,,,,,0,,unstated,manual,2026-09-23,"no commercial code publisher carries this jurisdiction, having checked the Municode client list and library resolver, the American Legal Florida region listing, eCode360 and MunicipalCodeOnline; A second search on 2026-09-23 found this. The live site blocks automated access; archived copies show only a few ordinances inside meeting packets and no codified code, so this should be checked by hand in a browser.","The town of Marineland in Flagler County, Florida, is carried by no commercial code publisher, and this survey could not confirm what it publishes instead. Checked 2026-09-23."
1243375,Mary Esther,city,Okaloosa,Okaloosa,4070,online-html,municode,https://library.municode.com/fl/mary_esther,3205,11233,,2026-01-23,1,2,unstated,municode-api,2026-09-23,,"The city of Mary Esther in Okaloosa County, Florida, publishes its code of ordinances as a searchable web code through Municode at https://library.municode.com/fl/mary_esther. 2 adopted ordinance(s) await codification. Checked 2026-09-23."
1243425,Mascotte,city,Lake,Lake,9150,online-html,municode,https://library.municode.com/fl/mascotte,3209,14339,,2026-08-21,1,0,unstated,municode-api,2026-09-23,"the publisher states codification through an ordinance adopted May 6, 2026, which postdates the supplement it published on 2026-05-05, so the stated date is not recorded","The city of Mascotte in Lake County, Florida, publishes its code of ordinances as a searchable web code through Municode at https://library.municode.com/fl/mascotte. Checked 2026-09-23."
1243575,Mayo,town,Lafayette,Lafayette,1087,online-html,municode,https://library.municode.com/fl/mayo,9062,15717,,2025-02-21,1,0,unstated,municode-api,2026-09-23,,"The town of Mayo in Lafayette County, Florida, publishes its code of ordinances as a searchable web code through Municode at https://library.municode.com/fl/mayo. Checked 2026-09-23."
1243900,Medley,town,Miami-Dade,Miami-Dade,1102,online-html,municode,https://library.municode.com/fl/medley,9077,12454,2024-10-07,2025-05-02,1,7,unstated,municode-api,2026-09-23,,"The town of Medley in Miami-Dade County, Florida, publishes its code of ordinances as a searchable web code through Municode at https://library.municode.com/fl/medley. The code is codified through ordinances adopted 2024-10-07. 7 adopted ordinance(s) await codification. Checked 2026-09-23."
1243975,Melbourne,city,Brevard,Brevard,87561,online-html,municode,https://library.municode.com/fl/melbourne,3257,10710,2026-05-26,2026-07-09,1,5,unstated,municode-api,2026-09-23,,"The city of Melbourne in Brevard County, Florida, publishes its code of ordinances as a searchable web code through Municode at https://library.municode.com/fl/melbourne. The code is codified through ordinances adopted 2026-05-26. 5 adopted ordinance(s) await codification. Checked 2026-09-23."
1244000,Melbourne Beach,town,Brevard,Brevard,3273,online-html,american-legal,https://codelibrary.amlegal.com/codes/melbournebeach/latest/overview,,,2026-01-21,,0,,unstated,browser,2026-09-03,,"The town of Melbourne Beach in Brevard County, Florida, publishes its code of ordinances as a searchable web code through American Legal Publishing at https://codelibrary.amlegal.com/codes/melbournebeach/latest/overview. The code is codified through ordinances adopted 2026-01-21. Checked 2026-09-03."
1244075,Melbourne Village,town,Brevard,Brevard,683,online-pdf-only,self-hosted,https://melbournevillage.org/202/Town-Code,,,,,0,,unstated,browser,2026-09-04,town code by chapter as PDFs; the official code is kept in the town office,"The town of Melbourne Village in Brevard County, Florida, publishes its code of ordinances as a PDF through its own website at https://melbournevillage.org/202/Town-Code. Checked 2026-09-04."
1244300,Mexico Beach,city,Bay,Bay,1210,online-html,american-legal,https://codelibrary.amlegal.com/codes/mexicobeach/latest/overview,,,,,0,,unstated,browser,2026-09-03,Publisher states no adoption date for Ordinance 878; land development code amended January 2026,"The city of Mexico Beach in Bay County, Florida, publishes its code of ordinances as a searchable web code through American Legal Publishing at https://codelibrary.amlegal.com/codes/mexicobeach/latest/overview. Checked 2026-09-03."
1245000,Miami,city,Miami-Dade,Miami-Dade,487014,online-html,municode,https://library.municode.com/fl/miami,3288,10933,,2026-05-26,1,0,unstated,municode-api,2026-09-23,,"The city of Miami in Miami-Dade County, Florida, publishes its code of ordinances as a searchable web code through Municode at https://library.municode.com/fl/miami. Checked 2026-09-23."
1245025,Miami Beach,city,Miami-Dade,Miami-Dade,83251,online-html,municode,https://library.municode.com/fl/miami_beach,3289,13097,,2026-08-27,1,0,unstated,municode-api,2026-09-23,,"The city of Miami Beach in Miami-Dade County, Florida, publishes its code of ordinances as a searchable web code through Municode at https://library.municode.com/fl/miami_beach. Checked 2026-09-23."
1245060,Miami Gardens,city,Miami-Dade,Miami-Dade,116173,online-html,municode,https://library.municode.com/fl/miami_gardens,13114,14432,2026-02-25,2026-08-05,1,0,unstated,municode-api,2026-09-23,,"The city of Miami Gardens in Miami-Dade County, Florida, publishes its code of ordinances as a searchable web code through Municode at https://library.municode.com/fl/miami_gardens. The code is codified through ordinances adopted 2026-02-25. Checked 2026-09-23."
1245100,Miami Lakes,town,Miami-Dade,Miami-Dade,33247,online-html,municode,https://library.municode.com/fl/miami_lakes,12870,13882,2026-05-19,2026-07-15,1,0,unstated,municode-api,2026-09-23,,"The town of Miami Lakes in Miami-Dade County, Florida, publishes its code of ordinances as a searchable web code through Municode at https://library.municode.com/fl/miami_lakes. The code is codified through ordinances adopted 2026-05-19. Checked 2026-09-23."
1245175,Miami Shores,village,Miami-Dade,Miami-Dade,11917,online-html,municode,https://library.municode.com/fl/miami_shores_village,10633,11252,2025-07-01,2025-09-08,1,13,unstated,municode-api,2026-09-23,,"The village of Miami Shores in Miami-Dade County, Florida, publishes its code of ordinances as a searchable web code through Municode at https://library.municode.com/fl/miami_shores_village. The code is codified through ordinances adopted 2025-07-01. 13 adopted ordinance(s) await codification. Checked 2026-09-23."
1245200,Miami Springs,city,Miami-Dade,Miami-Dade,13901,online-html,municode,https://library.municode.com/fl/miami_springs,3290,13202,,2026-07-20,1,0,unstated,municode-api,2026-09-23,,"The city of Miami Springs in Miami-Dade County, Florida, publishes its code of ordinances as a searchable web code through Municode at https://library.municode.com/fl/miami_springs. Checked 2026-09-23."
1245225,Micanopy,town,Alachua,Alachua,660,online-html,municode,https://library.municode.com/fl/micanopy,12985,17165,,2024-05-22,1,0,unstated,municode-api,2026-09-23,,"The town of Micanopy in Alachua County, Florida, publishes its code of ordinances as a searchable web code through Municode at https://library.municode.com/fl/micanopy. Checked 2026-09-23."
1245425,Midway,city,Gadsden,Gadsden,3485,online-html,municode,https://library.municode.com/fl/midway,3302,13890,,2024-09-09,1,0,unstated,municode-api,2026-09-23,"the publisher states codification through an ordinance adopted June 3, 2021, which postdates the supplement it published on 0001-01-01, so the stated date is not recorded","The city of Midway in Gadsden County, Florida, publishes its code of ordinances as a searchable web code through Municode at https://library.municode.com/fl/midway. Checked 2026-09-23."
1245750,Milton,city,Santa Rosa,Santa Rosa,11182,online-html,municode,https://library.municode.com/fl/milton,3319,14571,,2025-10-30,1,6,unstated,municode-api,2026-09-23,,"The city of Milton in Santa Rosa County, Florida, publishes its code of ordinances as a searchable web code through Municode at https://library.municode.com/fl/milton. 6 adopted ordinance(s) await codification. Checked 2026-09-23."
1245900,Minneola,city,Lake,Lake,19675,online-html,municode,https://library.municode.com/fl/minneola,12727,11093,,2025-12-12,1,4,unstated,municode-api,2026-09-23,,"The city of Minneola in Lake County, Florida, publishes its code of ordinances as a searchable web code through Municode at https://library.municode.com/fl/minneola. 4 adopted ordinance(s) await codification. Checked 2026-09-23."
1245975,Miramar,city,Broward,Broward,143242,online-html,municode,https://library.municode.com/fl/miramar,11963,11261,2025-11-17,2026-03-02,1,5,unstated,municode-api,2026-09-23,,"The city of Miramar in Broward County, Florida, publishes its code of ordinances as a searchable web code through Municode at https://library.municode.com/fl/miramar. The code is codified through ordinances adopted 2025-11-17. 5 adopted ordinance(s) await codification. Checked 2026-09-23."
1246500,Monticello,city,Jefferson,Jefferson,2754,online-html,municode,https://library.municode.com/fl/monticello,12875,13873,,2025-04-21,1,0,unstated,municode-api,2026-09-23,,"The city of Monticello in Jefferson County, Florida, publishes its code of ordinances as a searchable web code through Municode at https://library.municode.com/fl/monticello. Checked 2026-09-23."
1246525,Montverde,town,Lake,Lake,1811,online-html,municode,https://library.municode.com/fl/montverde,12876,14606,2026-04-14,2026-07-17,1,0,unstated,municode-api,2026-09-23,,"The town of Montverde in Lake County, Florida, publishes its code of ordinances as a searchable web code through Municode at https://library.municode.com/fl/montverde. The code is codified through ordinances adopted 2026-04-14. Checked 2026-09-23."
1246550,Moore Haven,city,Glades,Glades,1711,online-html,municode,https://library.municode.com/fl/moore_haven,3381,14811,2025-10-07,2026-08-12,1,0,unstated,municode-api,2026-09-23,,"The city of Moore Haven in Glades County, Florida, publishes its code of ordinances as a searchable web code through Municode at https://library.municode.com/fl/moore_haven. The code is codified through ordinances adopted 2025-10-07. Checked 2026-09-23."
1247050,Mount Dora,city,Lake,Lake,18261,online-html,municode,https://library.municode.com/fl/mount_dora,3419,10266,,2025-08-28,1,0,unstated,municode-api,2026-09-23,,"The city of Mount Dora in Lake County, Florida, publishes its code of ordinances as a searchable web code through Municode at https://library.municode.com/fl/mount_dora. Checked 2026-09-23."
1247200,Mulberry,city,Polk,Polk,4488,online-html,municode,https://library.municode.com/fl/mulberry,3442,14520,2026-04-07,2026-07-15,1,0,unstated,municode-api,2026-09-23,,"The city of Mulberry in Polk County, Florida, publishes its code of ordinances as a searchable web code through Municode at https://library.municode.com/fl/mulberry. The code is codified through ordinances adopted 2026-04-07. Checked 2026-09-23."
1247625,Naples,city,Collier,Collier,20168,online-html,municode,https://library.municode.com/fl/naples,3471,13804,,2026-07-13,1,3,unstated,municode-api,2026-09-23,,"The city of Naples in Collier County, Florida, publishes its code of ordinances as a searchable web code through Municode at https://library.municode.com/fl/naples. 3 adopted ordinance(s) await codification. Checked 2026-09-23."
1248100,Neptune Beach,city,Duval,Duval,7032,online-html,municode,https://library.municode.com/fl/neptune_beach,3495,14010,,2026-03-13,1,4,unstated,municode-api,2026-09-23,,"The city of Neptune Beach in Duval County, Florida, publishes its code of ordinances as a searchable web code through Municode at https://library.municode.com/fl/neptune_beach. 4 adopted ordinance(s) await codification. Checked 2026-09-23."
1248200,Newberry,city,Alachua,Alachua,8326,online-html,municode,https://library.municode.com/fl/newberry,3537,13872,,2026-04-16,1,31,unstated,municode-api,2026-09-23,,"The city of Newberry in Alachua County, Florida, publishes its code of ordinances as a searchable web code through Municode at https://library.municode.com/fl/newberry. 31 adopted ordinance(s) await codification. Checked 2026-09-23."
1248500,New Port Richey,city,Pasco,Pasco,18130,online-html,municode,https://library.municode.com/fl/new_port_richey,3526,11340,2026-03-17,2026-07-10,1,0,unstated,municode-api,2026-09-23,,"The city of New Port Richey in Pasco County, Florida, publishes its code of ordinances as a searchable web code through Municode at https://library.municode.com/fl/new_port_richey. The code is codified through ordinances adopted 2026-03-17. Checked 2026-09-23."
1248625,New Smyrna Beach,city,Volusia,Volusia,33144,online-html,municode,https://library.municode.com/fl/new_smyrna_beach,3531,11341,,2026-03-20,1,15,unstated,municode-api,2026-09-23,,"The city of New Smyrna Beach in Volusia County, Florida, publishes its code of ordinances as a searchable web code through Municode at https://library.municode.com/fl/new_smyrna_beach. 15 adopted ordinance(s) await codification. Checked 2026-09-23."
1248750,Niceville,city,Okaloosa,Okaloosa,17919,online-html,municode,https://library.municode.com/fl/niceville,3551,12137,2025-07-08,2025-09-09,1,39,unstated,municode-api,2026-09-23,,"The city of Niceville in Okaloosa County, Florida, publishes its code of ordinances as a searchable web code through Municode at https://library.municode.com/fl/niceville. The code is codified through ordinances adopted 2025-07-08. 39 adopted ordinance(s) await codification. Checked 2026-09-23."
1248900,Noma,town,Holmes,Holmes,215,online-pdf-only,self-hosted,https://www.nomafl.com/charter-and-ordinances,,,2026-05-04,,0,,official,browser,2026-09-04,code adopted by Ordinance 2026-02 on May 4 2026 and published as a single PDF,"The town of Noma in Holmes County, Florida, publishes its code of ordinances as a PDF through its own website at https://www.nomafl.com/charter-and-ordinances. The code is codified through ordinances adopted 2026-05-04. Checked 2026-09-04."
1249225,North Bay Village,city,Miami-Dade,Miami-Dade,8286,online-html,municode,https://library.municode.com/fl/north_bay_village,3575,12195,,2025-07-15,1,2,unstated,municode-api,2026-09-23,,"The city of North Bay Village in Miami-Dade County, Florida, publishes its code of ordinances as a searchable web code through Municode at https://library.municode.com/fl/north_bay_village. 2 adopted ordinance(s) await codification. Checked 2026-09-23."
1249425,North Lauderdale,city,Broward,Broward,46335,online-html,municode,https://library.municode.com/fl/north_lauderdale,3585,11356,2026-01-13,2026-07-31,0,2,unstated,municode-api,2026-09-23,,"The city of North Lauderdale in Broward County, Florida, publishes its code of ordinances as a searchable web code through Municode at https://library.municode.com/fl/north_lauderdale. The code is codified through ordinances adopted 2026-01-13. 2 adopted ordinance(s) await codification. Checked 2026-09-23."
1249450,North Miami,city,Miami-Dade,Miami-Dade,62202,online-html,municode,https://library.municode.com/fl/north_miami,3590,11358,2025-10-28,2026-08-05,1,0,unstated,municode-api,2026-09-23,,"The city of North Miami in Miami-Dade County, Florida, publishes its code of ordinances as a searchable web code through Municode at https://library.municode.com/fl/north_miami. The code is codified through ordinances adopted 2025-10-28. Checked 2026-09-23."
1249475,North Miami Beach,city,Miami-Dade,Miami-Dade,45655,online-html,municode,https://library.municode.com/fl/north_miami_beach,3591,15212,2025-09-08,2026-04-15,1,0,unstated,municode-api,2026-09-23,,"The city of North Miami Beach in Miami-Dade County, Florida, publishes its code of ordinances as a searchable web code through Municode at https://library.municode.com/fl/north_miami_beach. The code is codified through ordinances adopted 2025-09-08. Checked 2026-09-23."
1249600,North Palm Beach,village,Palm Beach,Palm Beach,13423,online-html,municode,https://library.municode.com/fl/north_palm_beach,10702,10263,2026-03-12,2026-05-11,1,1,unstated,municode-api,2026-09-23,,"The village of North Palm Beach in Palm Beach County, Florida, publishes its code of ordinances as a searchable web code through Municode at https://library.municode.com/fl/north_palm_beach. The code is codified through ordinances adopted 2026-03-12. 1 adopted ordinance(s) await codification. Checked 2026-09-23."
1249675,North Port,city,Sarasota,Sarasota,92875,online-html,municode,https://library.municode.com/fl/north_port,3598,13939,,2026-08-12,1,7,unstated,municode-api,2026-09-23,"the publisher states codification through an ordinance adopted April 21, 2026, which postdates the supplement it published on 0001-01-01, so the stated date is not recorded","The city of North Port in Sarasota County, Florida, publishes its code of ordinances as a searchable web code through Municode at https://library.municode.com/fl/north_port. 7 adopted ordinance(s) await codification. Checked 2026-09-23."
1249725,North Redington Beach,town,Pinellas,Pinellas,1478,online-html,municode,https://library.municode.com/fl/north_redington_beach,9252,10229,,2026-06-26,1,0,unstated,municode-api,2026-09-23,,"The town of North Redington Beach in Pinellas County, Florida, publishes its code of ordinances as a searchable web code through Municode at https://library.municode.com/fl/north_redington_beach. Checked 2026-09-23."
1250450,Oak Hill,city,Volusia,Volusia,2172,online-html,municode,https://library.municode.com/fl/oak_hill,3630,14171,2023-04-24,2023-10-12,1,0,unstated,municode-api,2026-09-23,,"The city of Oak Hill in Volusia County, Florida, publishes its code of ordinances as a searchable web code through Municode at https://library.municode.com/fl/oak_hill. The code is codified through ordinances adopted 2023-04-24. Checked 2026-09-23."
1250525,Oakland,town,Orange,Orange,3796,online-html,municode,https://library.municode.com/fl/oakland,12013,13099,,2026-05-22,1,0,unstated,municode-api,2026-09-23,,"The town of Oakland in Orange County, Florida, publishes its code of ordinances as a searchable web code through Municode at https://library.municode.com/fl/oakland. Checked 2026-09-23."
1250575,Oakland Park,city,Broward,Broward,45771,online-html,municode,https://library.municode.com/fl/oakland_park,3639,10938,,2026-06-16,0,11,unstated,municode-api,2026-09-23,,"The city of Oakland Park in Broward County, Florida, publishes its code of ordinances as a searchable web code through Municode at https://library.municode.com/fl/oakland_park. 11 adopted ordinance(s) await codification. Checked 2026-09-23."
1250750,Ocala,city,Marion,Marion,70251,online-html,municode,https://library.municode.com/fl/ocala,3643,10003,2026-03-17,2026-08-19,1,2,unstated,municode-api,2026-09-23,,"The city of Ocala in Marion County, Florida, publishes its code of ordinances as a searchable web code through Municode at https://library.municode.com/fl/ocala. The code is codified through ordinances adopted 2026-03-17. 2 adopted ordinance(s) await codification. Checked 2026-09-23."
1250875,Ocean Breeze,town,Martin,Martin,402,online-pdf-only,self-hosted,https://townofoceanbreeze.com/wp-content/uploads/2023/02/Zoning-and-Land-Development-Code.pdf,,,,,0,,unstated,manual,2026-09-23,"The town posts its zoning and land development code and a code of ordinances as scanned PDFs, plus a 2023 compilation of its charter and related ordinances.","The town of Ocean Breeze in Martin County, Florida, publishes its code of ordinances as a PDF through its own website at https://townofoceanbreeze.com/wp-content/uploads/2023/02/Zoning-and-Land-Development-Code.pdf. Checked 2026-09-23."
1250950,Ocean Ridge,town,Palm Beach,Palm Beach,1888,online-html,municode,https://library.municode.com/fl/ocean_ridge,9283,10251,2026-01-12,2026-06-05,1,1,unstated,municode-api,2026-09-23,,"The town of Ocean Ridge in Palm Beach County, Florida, publishes its code of ordinances as a searchable web code through Municode at https://library.municode.com/fl/ocean_ridge. The code is codified through ordinances adopted 2026-01-12. 1 adopted ordinance(s) await codification. Checked 2026-09-23."
1251075,Ocoee,city,Orange,Orange,51269,online-html,municode,https://library.municode.com/fl/ocoee,3650,14323,2026-06-02,2026-07-17,0,0,unstated,municode-api,2026-09-23,,"The city of Ocoee in Orange County, Florida, publishes its code of ordinances as a searchable web code through Municode at https://library.municode.com/fl/ocoee. The code is codified through ordinances adopted 2026-06-02. Checked 2026-09-23."
1251200,Okeechobee,city,Okeechobee,Okeechobee,5731,online-html,municode,https://library.municode.com/fl/okeechobee,3668,11366,,2025-09-15,1,1,unstated,municode-api,2026-09-23,,"The city of Okeechobee in Okeechobee County, Florida, publishes its code of ordinances as a searchable web code through Municode at https://library.municode.com/fl/okeechobee. 1 adopted ordinance(s) await codification. Checked 2026-09-23."
1251350,Oldsmar,city,Pinellas,Pinellas,14831,online-html,municode,https://library.municode.com/fl/oldsmar,3675,11369,,2026-08-27,1,0,unstated,municode-api,2026-09-23,,"The city of Oldsmar in Pinellas County, Florida, publishes its code of ordinances as a searchable web code through Municode at https://library.municode.com/fl/oldsmar. Checked 2026-09-23."
1251650,Opa-locka,city,Miami-Dade,Miami-Dade,16507,online-html,municode,https://library.municode.com/fl/opa-locka,3696,11375,2025-07-23,2025-11-21,1,0,unstated,municode-api,2026-09-23,,"The city of Opa-locka in Miami-Dade County, Florida, publishes its code of ordinances as a searchable web code through Municode at https://library.municode.com/fl/opa-locka. The code is codified through ordinances adopted 2025-07-23. Checked 2026-09-23."
1251825,Orange City,city,Volusia,Volusia,15257,online-html,municode,https://library.municode.com/fl/orange_city,3701,13902,,2025-01-30,1,14,unstated,municode-api,2026-09-23,,"The city of Orange City in Volusia County, Florida, publishes its code of ordinances as a searchable web code through Municode at https://library.municode.com/fl/orange_city. 14 adopted ordinance(s) await codification. Checked 2026-09-23."
1252125,Orange Park,town,Clay,Clay,8993,online-html,municode,https://library.municode.com/fl/orange_park,9304,11379,2025-10-21,2026-04-23,0,0,unstated,municode-api,2026-09-23,,"The town of Orange Park in Clay County, Florida, publishes its code of ordinances as a searchable web code through Municode at https://library.municode.com/fl/orange_park. The code is codified through ordinances adopted 2025-10-21. Checked 2026-09-23."
1252175,Orchid,town,Indian River,Indian River,545,online-html,municode,https://library.municode.com/fl/orchid,9307,13299,,2026-05-22,1,0,unstated,municode-api,2026-09-23,,"The town of Orchid in Indian River County, Florida, publishes its code of ordinances as a searchable web code through Municode at https://library.municode.com/fl/orchid. Checked 2026-09-23."
1253000,Orlando,city,Orange,Orange,334854,online-html,municode,https://library.municode.com/fl/orlando,3712,13349,,2026-08-18,1,3,unstated,municode-api,2026-09-23,"the publisher states codification through an ordinance adopted April 6, 2026, which postdates the supplement it published on 0001-01-01, so the stated date is not recorded","The city of Orlando in Orange County, Florida, publishes its code of ordinances as a searchable web code through Municode at https://library.municode.com/fl/orlando. 3 adopted ordinance(s) await codification. Checked 2026-09-23."
1253150,Ormond Beach,city,Volusia,Volusia,44596,online-html,municode,https://library.municode.com/fl/ormond_beach,3713,10073,,2026-08-11,1,0,unstated,municode-api,2026-09-23,,"The city of Ormond Beach in Volusia County, Florida, publishes its code of ordinances as a searchable web code through Municode at https://library.municode.com/fl/ormond_beach. Checked 2026-09-23."
1253500,Otter Creek,town,Levy,Levy,114,ordinances-only,self-hosted,https://drive.google.com/drive/folders/18S7MqLpf0lAMy7ta8MN7T_8UtGFEt9_5,,,,,0,,unstated,manual,2026-09-23,Otter Creek posts its individual ordinances as PDFs in a Google Drive folder linked from the town site; there is no codified code.,"The town of Otter Creek in Levy County, Florida, publishes individual ordinances online at https://drive.google.com/drive/folders/18S7MqLpf0lAMy7ta8MN7T_8UtGFEt9_5 but no codified code of ordinances. Checked 2026-09-23."
1253575,Oviedo,city,Seminole,Seminole,41901,online-html,municode,https://library.municode.com/fl/oviedo,12039,14268,,2025-12-01,1,3,unstated,municode-api,2026-09-23,,"The city of Oviedo in Seminole County, Florida, publishes its code of ordinances as a searchable web code through Municode at https://library.municode.com/fl/oviedo. 3 adopted ordinance(s) await codification. Checked 2026-09-23."
1253800,Pahokee,city,Palm Beach,Palm Beach,5829,online-html,municode,https://library.municode.com/fl/pahokee,3752,14107,,2026-04-23,1,1,unstated,municode-api,2026-09-23,,"The city of Pahokee in Palm Beach County, Florida, publishes its code of ordinances as a searchable web code through Municode at https://library.municode.com/fl/pahokee. 1 adopted ordinance(s) await codification. Checked 2026-09-23."
1253875,Palatka,city,Putnam,Putnam,10867,online-html,municode,https://library.municode.com/fl/palatka,3756,10225,,2026-04-15,1,12,unstated,municode-api,2026-09-23,,"The city of Palatka in Putnam County, Florida, publishes its code of ordinances as a searchable web code through Municode at https://library.municode.com/fl/palatka. 12 adopted ordinance(s) await codification. Checked 2026-09-23."
1254000,Palm Bay,city,Brevard,Brevard,142023,online-html,american-legal,https://codelibrary.amlegal.com/codes/palmbay/latest/overview,,,2026-05-21,,0,,unstated,browser,2026-09-03,,"The city of Palm Bay in Brevard County, Florida, publishes its code of ordinances as a searchable web code through American Legal Publishing at https://codelibrary.amlegal.com/codes/palmbay/latest/overview. The code is codified through ordinances adopted 2026-05-21. Checked 2026-09-03."
1254025,Palm Beach,town,Palm Beach,Palm Beach,9493,online-html,municode,https://library.municode.com/fl/palm_beach,9332,11397,,2026-05-27,1,8,unstated,municode-api,2026-09-23,,"The town of Palm Beach in Palm Beach County, Florida, publishes its code of ordinances as a searchable web code through Municode at https://library.municode.com/fl/palm_beach. 8 adopted ordinance(s) await codification. Checked 2026-09-23."
1254075,Palm Beach Gardens,city,Palm Beach,Palm Beach,63284,online-html,municode,https://library.municode.com/fl/palm_beach_gardens,3759,12841,,2026-04-15,1,0,unstated,municode-api,2026-09-23,,"The city of Palm Beach Gardens in Palm Beach County, Florida, publishes its code of ordinances as a searchable web code through Municode at https://library.municode.com/fl/palm_beach_gardens. Checked 2026-09-23."
1254150,Palm Beach Shores,town,Palm Beach,Palm Beach,1359,online-html,municode,https://library.municode.com/fl/palm_beach_shores,9333,10970,,2025-05-05,1,5,unstated,municode-api,2026-09-23,,"The town of Palm Beach Shores in Palm Beach County, Florida, publishes its code of ordinances as a searchable web code through Municode at https://library.municode.com/fl/palm_beach_shores. 5 adopted ordinance(s) await codification. Checked 2026-09-23."
1254200,Palm Coast,city,Flagler,Flagler,106729,online-html,municode,https://library.municode.com/fl/palm_coast,12089,13605,,2026-08-24,1,0,unstated,municode-api,2026-09-23,,"The city of Palm Coast in Flagler County, Florida, publishes its code of ordinances as a searchable web code through Municode at https://library.municode.com/fl/palm_coast. Checked 2026-09-23."
1254250,Palmetto,city,Manatee,Manatee,13682,online-html,municode,https://library.municode.com/fl/palmetto,3764,11965,,2025-11-11,1,4,unstated,municode-api,2026-09-23,,"The city of Palmetto in Manatee County, Florida, publishes its code of ordinances as a searchable web code through Municode at https://library.municode.com/fl/palmetto. 4 adopted ordinance(s) await codification. Checked 2026-09-23."
1254275,Palmetto Bay,village,Miami-Dade,Miami-Dade,25402,online-html,municode,https://library.municode.com/fl/palmetto_bay,13409,14016,,2025-05-16,1,0,unstated,municode-api,2026-09-23,,"The village of Palmetto Bay in Miami-Dade County, Florida, publishes its code of ordinances as a searchable web code through Municode at https://library.municode.com/fl/palmetto_bay. Checked 2026-09-23."
1254425,Palm Shores,town,Brevard,Brevard,1210,online-html,american-legal,https://codelibrary.amlegal.com/codes/palmshores/latest/overview,,,2025-03-25,,0,,unstated,browser,2026-09-03,,"The town of Palm Shores in Brevard County, Florida, publishes its code of ordinances as a searchable web code through American Legal Publishing at https://codelibrary.amlegal.com/codes/palmshores/latest/overview. The code is codified through ordinances adopted 2025-03-25. Checked 2026-09-03."
1254450,Palm Springs,village,Palm Beach,Palm Beach,28548,online-html,municode,https://library.municode.com/fl/palm_springs,10739,12651,,2022-10-19,1,24,unstated,municode-api,2026-09-23,,"The village of Palm Springs in Palm Beach County, Florida, publishes its code of ordinances as a searchable web code through Municode at https://library.municode.com/fl/palm_springs. 24 adopted ordinance(s) await codification. Checked 2026-09-23."
1254700,Panama City,city,Bay,Bay,37024,online-html,municode,https://library.municode.com/fl/panama_city,3772,13862,2026-02-14,2026-08-05,1,8,unstated,municode-api,2026-09-23,,"The city of Panama City in Bay County, Florida, publishes its code of ordinances as a searchable web code through Municode at https://library.municode.com/fl/panama_city. The code is codified through ordinances adopted 2026-02-14. 8 adopted ordinance(s) await codification. Checked 2026-09-23."
1254725,Panama City Beach,city,Bay,Bay,19955,online-html,municode,https://library.municode.com/fl/panama_city_beach,3773,14445,,2026-04-21,1,5,unstated,municode-api,2026-09-23,,"The city of Panama City Beach in Bay County, Florida, publishes its code of ordinances as a searchable web code through Municode at https://library.municode.com/fl/panama_city_beach. 5 adopted ordinance(s) await codification. Checked 2026-09-23."
1255075,Parker,city,Bay,Bay,4801,online-html,municode,https://library.municode.com/fl/parker,3786,14699,,2023-07-27,1,0,unstated,municode-api,2026-09-23,,"The city of Parker in Bay County, Florida, publishes its code of ordinances as a searchable web code through Municode at https://library.municode.com/fl/parker. Checked 2026-09-23."
1255125,Parkland,city,Broward,Broward,39700,online-html,municode,https://library.municode.com/fl/parkland,3788,11286,,2026-06-24,1,0,unstated,municode-api,2026-09-23,,"The city of Parkland in Broward County, Florida, publishes its code of ordinances as a searchable web code through Municode at https://library.municode.com/fl/parkland. Checked 2026-09-23."
1255475,Paxton,town,Walton,Walton,668,unknown,unknown,,,,,,0,,unstated,browser,2026-09-23,"no commercial code publisher carries this jurisdiction, having checked the Municode client list and library resolver, the American Legal Florida region listing, eCode360 and MunicipalCodeOnline; The official site (paxtonfl.net) was read in a browser on 2026-09-23. Its menus have no ordinances, code or planning section, and the document library shows only forms and event documents, so no code was found; the clerk is the source.","The town of Paxton in Walton County, Florida, is carried by no commercial code publisher, and this survey could not confirm what it publishes instead. Checked 2026-09-23."
1255750,Pembroke Park,town,Broward,Broward,6544,online-html,municode,https://library.municode.com/fl/pembroke_park,9360,10292,2026-02-16,2026-05-26,1,0,unstated,municode-api,2026-09-23,,"The town of Pembroke Park in Broward County, Florida, publishes its code of ordinances as a searchable web code through Municode at https://library.municode.com/fl/pembroke_park. The code is codified through ordinances adopted 2026-02-16. Checked 2026-09-23."
1255775,Pembroke Pines,city,Broward,Broward,179326,online-html,american-legal,https://codelibrary.amlegal.com/codes/pembrokepines/latest/overview,,,2025-12-11,,0,,unstated,browser,2026-09-03,,"The city of Pembroke Pines in Broward County, Florida, publishes its code of ordinances as a searchable web code through American Legal Publishing at https://codelibrary.amlegal.com/codes/pembrokepines/latest/overview. The code is codified through ordinances adopted 2025-12-11. Checked 2026-09-03."
1255875,Penney Farms,town,Clay,Clay,835,online-pdf-only,self-hosted,https://penneyfarmsfl.org/wp-content/uploads/Penney-Farms-LDRs-2020.pdf,,,2020-04-20,,0,,unstated,manual,2026-09-23,"Penney Farms publishes its Land Development Regulations (updated April 20, 2020) and charter as PDFs; no general code of ordinances is online.","The town of Penney Farms in Clay County, Florida, publishes its code of ordinances as a PDF through its own website at https://penneyfarmsfl.org/wp-content/uploads/Penney-Farms-LDRs-2020.pdf. The code is codified through ordinances adopted 2020-04-20. Checked 2026-09-23."
1255925,Pensacola,city,Escambia,Escambia,53898,online-html,municode,https://library.municode.com/fl/pensacola,3825,11418,2026-01-15,2026-06-16,1,2,unstated,municode-api,2026-09-23,,"The city of Pensacola in Escambia County, Florida, publishes its code of ordinances as a searchable web code through Municode at https://library.municode.com/fl/pensacola. The code is codified through ordinances adopted 2026-01-15. 2 adopted ordinance(s) await codification. Checked 2026-09-23."
1256150,Perry,city,Taylor,Taylor,7306,online-html,municode,https://library.municode.com/fl/perry,3829,11420,,2024-12-03,1,0,unstated,municode-api,2026-09-23,,"The city of Perry in Taylor County, Florida, publishes its code of ordinances as a searchable web code through Municode at https://library.municode.com/fl/perry. Checked 2026-09-23."
1256425,Pierson,town,Volusia,Volusia,1563,online-html,municode,https://library.municode.com/fl/pierson,9378,17302,2026-03-17,2026-07-09,1,1,unstated,municode-api,2026-09-23,,"The town of Pierson in Volusia County, Florida, publishes its code of ordinances as a searchable web code through Municode at https://library.municode.com/fl/pierson. The code is codified through ordinances adopted 2026-03-17. 1 adopted ordinance(s) await codification. Checked 2026-09-23."
1256625,Pinecrest,village,Miami-Dade,Miami-Dade,18981,online-html,municode,https://library.municode.com/fl/pinecrest,10759,13160,2024-10-08,2025-01-16,1,0,unstated,municode-api,2026-09-23,,"The village of Pinecrest in Miami-Dade County, Florida, publishes its code of ordinances as a searchable web code through Municode at https://library.municode.com/fl/pinecrest. The code is codified through ordinances adopted 2024-10-08. Checked 2026-09-23."
1256975,Pinellas Park,city,Pinellas,Pinellas,53503,online-html,municode,https://library.municode.com/fl/pinellas_park,3867,14223,,2026-07-20,1,2,unstated,municode-api,2026-09-23,,"The city of Pinellas Park in Pinellas County, Florida, publishes its code of ordinances as a searchable web code through Municode at https://library.municode.com/fl/pinellas_park. 2 adopted ordinance(s) await codification. Checked 2026-09-23."
1257425,Plantation,city,Broward,Broward,100694,online-html,municode,https://library.municode.com/fl/plantation,3888,10973,2026-03-25,2026-07-08,1,2,unstated,municode-api,2026-09-23,,"The city of Plantation in Broward County, Florida, publishes its code of ordinances as a searchable web code through Municode at https://library.municode.com/fl/plantation. The code is codified through ordinances adopted 2026-03-25. 2 adopted ordinance(s) await codification. Checked 2026-09-23."
1257550,Plant City,city,Hillsborough,Hillsborough,43046,online-html,municode,https://library.municode.com/fl/plant_city,3887,10202,,2026-07-10,1,6,unstated,municode-api,2026-09-23,,"The city of Plant City in Hillsborough County, Florida, publishes its code of ordinances as a searchable web code through Municode at https://library.municode.com/fl/plant_city. 6 adopted ordinance(s) await codification. Checked 2026-09-23."
1257950,Polk City,town,Polk,Polk,3076,online-html,municode,https://library.municode.com/fl/polk_city,9412,13417,,2025-06-20,1,0,unstated,municode-api,2026-09-23,,"The town of Polk City in Polk County, Florida, publishes its code of ordinances as a searchable web code through Municode at https://library.municode.com/fl/polk_city. Checked 2026-09-23."
1258025,Pomona Park,town,Putnam,Putnam,824,online-html,municode,https://library.municode.com/fl/pomona_park,12192,13538,,2024-03-06,1,0,unstated,municode-api,2026-09-23,,"The town of Pomona Park in Putnam County, Florida, publishes its code of ordinances as a searchable web code through Municode at https://library.municode.com/fl/pomona_park. Checked 2026-09-23."
1258050,Pompano Beach,city,Broward,Broward,118104,online-html,american-legal,https://codelibrary.amlegal.com/codes/pompanobeach/latest/overview,,,2026-07-29,,0,,unstated,browser,2026-09-03,,"The city of Pompano Beach in Broward County, Florida, publishes its code of ordinances as a searchable web code through American Legal Publishing at https://codelibrary.amlegal.com/codes/pompanobeach/latest/overview. The code is codified through ordinances adopted 2026-07-29. Checked 2026-09-03."
1258175,Ponce de Leon,town,Holmes,Holmes,518,online-pdf-only,county-code,https://holmescountyfla.com/wp-content/uploads/Holmes-County-LDR_2009.pdf,,,,,0,,unstated,manual,2026-09-23,"Ponce de Leon has no town website found; land development is governed by the joint Holmes County LDR (2009 PDF), and no town general ordinances are online.","The town of Ponce de Leon in Holmes County, Florida, is governed by the code of the county or district that regulates its land use, published at https://holmescountyfla.com/wp-content/uploads/Holmes-County-LDR_2009.pdf. Checked 2026-09-23."
1258200,Ponce Inlet,town,Volusia,Volusia,3485,online-html,municode,https://library.municode.com/fl/ponce_inlet,9419,11438,2025-12-18,2026-03-31,1,14,unstated,municode-api,2026-09-23,,"The town of Ponce Inlet in Volusia County, Florida, publishes its code of ordinances as a searchable web code through Municode at https://library.municode.com/fl/ponce_inlet. The code is codified through ordinances adopted 2025-12-18. 14 adopted ordinance(s) await codification. Checked 2026-09-23."
1258575,Port Orange,city,Volusia,Volusia,66556,online-html,municode,https://library.municode.com/fl/port_orange,3932,11446,,2026-04-02,1,8,unstated,municode-api,2026-09-23,,"The city of Port Orange in Volusia County, Florida, publishes its code of ordinances as a searchable web code through Municode at https://library.municode.com/fl/port_orange. 8 adopted ordinance(s) await codification. Checked 2026-09-23."
1258600,Port Richey,city,Pasco,Pasco,3637,online-html,municode,https://library.municode.com/fl/port_richey,3934,14455,,2026-05-28,1,0,unstated,municode-api,2026-09-23,,"The city of Port Richey in Pasco County, Florida, publishes its code of ordinances as a searchable web code through Municode at https://library.municode.com/fl/port_richey. Checked 2026-09-23."
1258675,Port St. Joe,city,Gulf,Gulf,3856,online-html,municode,https://library.municode.com/fl/port_st._joe,3936,15146,2020-09-29,2021-03-09,1,0,unstated,municode-api,2026-09-23,,"The city of Port St. Joe in Gulf County, Florida, publishes its code of ordinances as a searchable web code through Municode at https://library.municode.com/fl/port_st._joe. The code is codified through ordinances adopted 2020-09-29. Checked 2026-09-23."
1258715,Port St. Lucie,city,St. Lucie,St. Lucie,258575,online-html,municode,https://library.municode.com/fl/port_st._lucie,3937,13414,2026-02-09,2026-07-31,1,9,unstated,municode-api,2026-09-23,,"The city of Port St. Lucie in St. Lucie County, Florida, publishes its code of ordinances as a searchable web code through Municode at https://library.municode.com/fl/port_st._lucie. The code is codified through ordinances adopted 2026-02-09. 9 adopted ordinance(s) await codification. Checked 2026-09-23."
1259200,Punta Gorda,city,Charlotte,Charlotte,20416,online-pdf-only,self-hosted,https://www.ci.punta-gorda.fl.us/government/city-clerk/code-of-ordinances,,,,,0,,unstated,browser,2026-09-04,full code by chapter as PDFs on the city site; the Municode library slug does not resolve,"The city of Punta Gorda in Charlotte County, Florida, publishes its code of ordinances as a PDF through its own website at https://www.ci.punta-gorda.fl.us/government/city-clerk/code-of-ordinances. Checked 2026-09-04."
1259325,Quincy,city,Gadsden,Gadsden,8119,online-html,municode,https://library.municode.com/fl/quincy,3994,11459,,2022-05-16,1,1,unstated,municode-api,2026-09-23,,"The city of Quincy in Gadsden County, Florida, publishes its code of ordinances as a searchable web code through Municode at https://library.municode.com/fl/quincy. 1 adopted ordinance(s) await codification. Checked 2026-09-23."
1259400,Raiford,town,Union,Union,224,unknown,none,,,,,,0,,unstated,manual,2026-09-23,"no commercial code publisher carries this jurisdiction, having checked the Municode client list and library resolver, the American Legal Florida region listing, eCode360 and MunicipalCodeOnline; Raiford has no official website found and the Union County LDR covers only unincorporated areas, so no online code was located.","The town of Raiford in Union County, Florida, is carried by no commercial code publisher, and this survey could not confirm what it publishes instead. Checked 2026-09-23."
1259675,Reddick,town,Marion,Marion,516,ordinances-only,self-hosted,https://townofreddick.com/town-officials/ordinance-review/,,,,,0,,unstated,manual,2026-09-23,"Reddick posts a few frequently used ordinances (zoning Ord. 83-1, solid waste, comp plan) as PDFs; there is no codified code.","The town of Reddick in Marion County, Florida, publishes individual ordinances online at https://townofreddick.com/town-officials/ordinance-review/ but no codified code of ordinances. Checked 2026-09-23."
1259725,Redington Beach,town,Pinellas,Pinellas,1383,online-html,municode,https://library.municode.com/fl/redington_beach,9470,10977,,2026-06-09,1,0,unstated,municode-api,2026-09-23,,"The town of Redington Beach in Pinellas County, Florida, publishes its code of ordinances as a searchable web code through Municode at https://library.municode.com/fl/redington_beach. Checked 2026-09-23."
1259750,Redington Shores,town,Pinellas,Pinellas,2167,online-html,municode,https://library.municode.com/fl/redington_shores,9471,15264,,2026-03-27,1,0,unstated,municode-api,2026-09-23,,"The town of Redington Shores in Pinellas County, Florida, publishes its code of ordinances as a searchable web code through Municode at https://library.municode.com/fl/redington_shores. Checked 2026-09-23."
1260975,Riviera Beach,city,Palm Beach,Palm Beach,39620,online-html,municode,https://library.municode.com/fl/riviera_beach,4094,11473,2025-12-17,2026-05-26,1,3,unstated,municode-api,2026-09-23,,"The city of Riviera Beach in Palm Beach County, Florida, publishes its code of ordinances as a searchable web code through Municode at https://library.municode.com/fl/riviera_beach. The code is codified through ordinances adopted 2025-12-17. 3 adopted ordinance(s) await codification. Checked 2026-09-23."
1261500,Rockledge,city,Brevard,Brevard,31429,online-html,municode,https://library.municode.com/fl/rockledge,4115,10328,,2025-07-01,1,10,unstated,municode-api,2026-09-23,"the publisher states codification through an ordinance adopted April 20, 2022, which postdates the supplement it published on 0001-01-01, so the stated date is not recorded","The city of Rockledge in Brevard County, Florida, publishes its code of ordinances as a searchable web code through Municode at https://library.municode.com/fl/rockledge. 10 adopted ordinance(s) await codification. Checked 2026-09-23."
1262100,Royal Palm Beach,village,Palm Beach,Palm Beach,41948,online-html,municode,https://library.municode.com/fl/royal_palm_beach,10817,11518,2026-06-18,2026-07-13,1,0,unstated,municode-api,2026-09-23,,"The village of Royal Palm Beach in Palm Beach County, Florida, publishes its code of ordinances as a searchable web code through Municode at https://library.municode.com/fl/royal_palm_beach. The code is codified through ordinances adopted 2026-06-18. Checked 2026-09-23."
1262425,Safety Harbor,city,Pinellas,Pinellas,16972,online-html,municode,https://library.municode.com/fl/safety_harbor,4172,11301,2024-04-15,2024-08-12,1,3,unstated,municode-api,2026-09-23,,"The city of Safety Harbor in Pinellas County, Florida, publishes its code of ordinances as a searchable web code through Municode at https://library.municode.com/fl/safety_harbor. The code is codified through ordinances adopted 2024-04-15. 3 adopted ordinance(s) await codification. Checked 2026-09-23."
1262500,St. Augustine,city,St. Johns,St. Johns,16033,online-html,municode,https://library.municode.com/fl/st._augustine,4446,10951,2026-04-13,2026-07-28,1,0,unstated,municode-api,2026-09-23,,"The city of St. Augustine in St. Johns County, Florida, publishes its code of ordinances as a searchable web code through Municode at https://library.municode.com/fl/st._augustine. The code is codified through ordinances adopted 2026-04-13. Checked 2026-09-23."
1262525,St. Augustine Beach,city,St. Johns,St. Johns,6808,online-html,municode,https://library.municode.com/fl/st._augustine_beach,4447,14985,,2026-06-17,1,4,unstated,municode-api,2026-09-23,,"The city of St. Augustine Beach in St. Johns County, Florida, publishes its code of ordinances as a searchable web code through Municode at https://library.municode.com/fl/st._augustine_beach. 4 adopted ordinance(s) await codification. Checked 2026-09-23."
1262625,St. Cloud,city,Osceola,Osceola,71036,online-html,municode,https://library.municode.com/fl/st._cloud,4453,13801,2025-11-13,2026-05-13,1,1,unstated,municode-api,2026-09-23,,"The city of St. Cloud in Osceola County, Florida, publishes its code of ordinances as a searchable web code through Municode at https://library.municode.com/fl/st._cloud. The code is codified through ordinances adopted 2025-11-13. 1 adopted ordinance(s) await codification. Checked 2026-09-23."
1262775,St. Leo,town,Pasco,Pasco,2472,online-html,municode,https://library.municode.com/fl/st._leo,9555,13795,,2026-07-02,1,0,unstated,municode-api,2026-09-23,,"The town of St. Leo in Pasco County, Florida, publishes its code of ordinances as a searchable web code through Municode at https://library.municode.com/fl/st._leo. Checked 2026-09-23."
1262800,St. Lucie Village,town,St. Lucie,St. Lucie,615,online-pdf-only,self-hosted,https://stlucievillagefl.gov/ordinances/,,,,,0,,unstated,browser,2026-09-04,"land development code and a codified 1995 zoning ordinance as PDFs, with an index of all ordinances","The town of St. Lucie Village in St. Lucie County, Florida, publishes its code of ordinances as a PDF through its own website at https://stlucievillagefl.gov/ordinances/. Checked 2026-09-04."
1262825,St. Marks,city,Wakulla,Wakulla,312,online-html,municode,https://library.municode.com/fl/st._marks,13859,14181,,2023-10-26,1,0,unstated,municode-api,2026-09-23,,"The city of St. Marks in Wakulla County, Florida, publishes its code of ordinances as a searchable web code through Municode at https://library.municode.com/fl/st._marks. Checked 2026-09-23."
1262885,St. Pete Beach,city,Pinellas,Pinellas,8730,online-html,municode,https://library.municode.com/fl/st._pete_beach,4474,10174,,2026-06-16,1,0,unstated,municode-api,2026-09-23,,"The city of St. Pete Beach in Pinellas County, Florida, publishes its code of ordinances as a searchable web code through Municode at https://library.municode.com/fl/st._pete_beach. Checked 2026-09-23."
1263000,St. Petersburg,city,Pinellas,Pinellas,267102,online-html,municode,https://library.municode.com/fl/st._petersburg,4477,14674,,2026-06-08,1,0,unstated,municode-api,2026-09-23,"the publisher states codification through an ordinance adopted April 2, 2026, which postdates the supplement it published on 0001-01-01, so the stated date is not recorded","The city of St. Petersburg in Pinellas County, Florida, publishes its code of ordinances as a searchable web code through Municode at https://library.municode.com/fl/st._petersburg. Checked 2026-09-23."
1263375,San Antonio,city,Pasco,Pasco,1577,online-html,municode,https://library.municode.com/fl/san_antonio,4191,13012,,2023-06-16,1,1,unstated,municode-api,2026-09-23,,"The city of San Antonio in Pasco County, Florida, publishes its code of ordinances as a searchable web code through Municode at https://library.municode.com/fl/san_antonio. 1 adopted ordinance(s) await codification. Checked 2026-09-23."
1263650,Sanford,city,Seminole,Seminole,66919,online-html,municode,https://library.municode.com/fl/sanford,4223,19985,,2026-01-05,1,0,unstated,municode-api,2026-09-23,,"The city of Sanford in Seminole County, Florida, publishes its code of ordinances as a searchable web code through Municode at https://library.municode.com/fl/sanford. Checked 2026-09-23."
1263700,Sanibel,city,Lee,Lee,6358,online-html,municode,https://library.municode.com/fl/sanibel,4225,10937,,2026-08-18,1,2,unstated,municode-api,2026-09-23,,"The city of Sanibel in Lee County, Florida, publishes its code of ordinances as a searchable web code through Municode at https://library.municode.com/fl/sanibel. 2 adopted ordinance(s) await codification. Checked 2026-09-23."
1264175,Sarasota,city,Sarasota,Sarasota,57764,online-html,municode,https://library.municode.com/fl/sarasota,4241,11553,,2026-07-29,1,0,unstated,municode-api,2026-09-23,"the publisher states codification through an ordinance adopted April 20, 2026, which postdates the supplement it published on 0001-01-01, so the stated date is not recorded","The city of Sarasota in Sarasota County, Florida, publishes its code of ordinances as a searchable web code through Municode at https://library.municode.com/fl/sarasota. Checked 2026-09-23."
1264400,Satellite Beach,city,Brevard,Brevard,11367,online-html,municode,https://library.municode.com/fl/satellite_beach,4247,12849,2026-02-04,2026-03-25,1,0,unstated,municode-api,2026-09-23,,"The city of Satellite Beach in Brevard County, Florida, publishes its code of ordinances as a searchable web code through Municode at https://library.municode.com/fl/satellite_beach. The code is codified through ordinances adopted 2026-02-04. Checked 2026-09-23."
1264725,Sea Ranch Lakes,village,Broward,Broward,575,online-html,municode,https://library.municode.com/fl/sea_ranch_lakes,10836,12460,,2026-07-10,1,0,unstated,municode-api,2026-09-23,,"The village of Sea Ranch Lakes in Broward County, Florida, publishes its code of ordinances as a searchable web code through Municode at https://library.municode.com/fl/sea_ranch_lakes. Checked 2026-09-23."
1264825,Sebastian,city,Indian River,Indian River,27087,online-html,municode,https://library.municode.com/fl/sebastian,4287,10311,2025-12-03,2026-04-08,1,0,unstated,municode-api,2026-09-23,,"The city of Sebastian in Indian River County, Florida, publishes its code of ordinances as a searchable web code through Municode at https://library.municode.com/fl/sebastian. The code is codified through ordinances adopted 2025-12-03. Checked 2026-09-23."
1264875,Sebring,city,Highlands,Highlands,11795,online-html,municode,https://library.municode.com/fl/sebring,4290,11561,,2026-03-26,1,0,unstated,municode-api,2026-09-23,,"The city of Sebring in Highlands County, Florida, publishes its code of ordinances as a searchable web code through Municode at https://library.municode.com/fl/sebring. Checked 2026-09-23."
1264975,Seminole,city,Pinellas,Pinellas,19395,online-html,municode,https://library.municode.com/fl/seminole,4297,14899,,2026-05-04,1,0,unstated,municode-api,2026-09-23,,"The city of Seminole in Pinellas County, Florida, publishes its code of ordinances as a searchable web code through Municode at https://library.municode.com/fl/seminole. Checked 2026-09-23."
1265225,Sewall's Point,town,Martin,Martin,2072,online-html,municode,https://library.municode.com/fl/sewall's_point,11588,11566,,2026-07-21,1,0,unstated,municode-api,2026-09-23,,"The town of Sewall's Point in Martin County, Florida, publishes its code of ordinances as a searchable web code through Municode at https://library.municode.com/fl/sewall's_point. Checked 2026-09-23."
1265425,Shalimar,town,Okaloosa,Okaloosa,757,online-pdf-only,self-hosted,https://www.shalimarflorida.org/ordinances_0,,,,,0,,unstated,browser,2026-09-23,"Shalimar posts its Code of Ordinances as PDFs in three parts (Charter, General Ordinances, Land Development Code); the page says the current code was passed April 12, 2016. Read in a browser 2026-09-23.","The town of Shalimar in Okaloosa County, Florida, publishes its code of ordinances as a PDF through its own website at https://www.shalimarflorida.org/ordinances_0. Checked 2026-09-23."
1266725,Sneads,town,Jackson,Jackson,1780,online-html,municode,https://library.municode.com/fl/sneads,9652,15893,2022-09-15,2024-04-30,1,0,unstated,municode-api,2026-09-23,,"The town of Sneads in Jackson County, Florida, publishes its code of ordinances as a searchable web code through Municode at https://library.municode.com/fl/sneads. The code is codified through ordinances adopted 2022-09-15. Checked 2026-09-23."
1266925,Sopchoppy,city,Wakulla,Wakulla,476,online-html,municode,https://library.municode.com/fl/sopchoppy,13535,14886,,2025-02-19,1,0,unstated,municode-api,2026-09-23,,"The city of Sopchoppy in Wakulla County, Florida, publishes its code of ordinances as a searchable web code through Municode at https://library.municode.com/fl/sopchoppy. Checked 2026-09-23."
1267175,South Bay,city,Palm Beach,Palm Beach,5160,online-html,municode,https://library.municode.com/fl/south_bay,4387,14996,2024-03-05,2025-08-19,1,0,unstated,municode-api,2026-09-23,,"The city of South Bay in Palm Beach County, Florida, publishes its code of ordinances as a searchable web code through Municode at https://library.municode.com/fl/south_bay. The code is codified through ordinances adopted 2024-03-05. Checked 2026-09-23."
1267325,South Daytona,city,Volusia,Volusia,13906,online-html,municode,https://library.municode.com/fl/south_daytona,4392,10727,2026-03-10,2026-05-22,1,0,unstated,municode-api,2026-09-23,,"The city of South Daytona in Volusia County, Florida, publishes its code of ordinances as a searchable web code through Municode at https://library.municode.com/fl/south_daytona. The code is codified through ordinances adopted 2026-03-10. Checked 2026-09-23."
1267550,South Miami,city,Miami-Dade,Miami-Dade,13207,online-html,municode,https://library.municode.com/fl/south_miami,4404,11587,2025-04-01,2025-04-22,0,0,unstated,municode-api,2026-09-23,,"The city of South Miami in Miami-Dade County, Florida, publishes its code of ordinances as a searchable web code through Municode at https://library.municode.com/fl/south_miami. The code is codified through ordinances adopted 2025-04-01. Checked 2026-09-23."
1267650,South Palm Beach,town,Palm Beach,Palm Beach,1491,online-html,municode,https://library.municode.com/fl/south_palm_beach,9666,12855,,2025-02-13,1,1,unstated,municode-api,2026-09-23,,"The town of South Palm Beach in Palm Beach County, Florida, publishes its code of ordinances as a searchable web code through Municode at https://library.municode.com/fl/south_palm_beach. 1 adopted ordinance(s) await codification. Checked 2026-09-23."
1267675,South Pasadena,city,Pinellas,Pinellas,5280,online-html,general-code,https://ecode360.com/SO1390,,,,,0,,unstated,browser,2026-09-04,eCode360,"The city of South Pasadena in Pinellas County, Florida, publishes its code of ordinances as a searchable web code through General Code at https://ecode360.com/SO1390. Checked 2026-09-04."
1268135,Southwest Ranches,town,Broward,Broward,7827,online-html,municode,https://library.municode.com/fl/southwest_ranches,12068,14249,2026-02-12,2026-05-26,1,4,unstated,municode-api,2026-09-23,,"The town of Southwest Ranches in Broward County, Florida, publishes its code of ordinances as a searchable web code through Municode at https://library.municode.com/fl/southwest_ranches. The code is codified through ordinances adopted 2026-02-12. 4 adopted ordinance(s) await codification. Checked 2026-09-23."
1268275,Springfield,city,Bay,Bay,8495,online-html,municode,https://library.municode.com/fl/springfield,4440,12675,,2024-10-29,1,0,unstated,municode-api,2026-09-23,,"The city of Springfield in Bay County, Florida, publishes its code of ordinances as a searchable web code through Municode at https://library.municode.com/fl/springfield. Checked 2026-09-23."
1268525,Starke,city,Bradford,Bradford,5966,online-html,municode,https://library.municode.com/fl/starke,4488,13766,,2026-06-18,1,3,unstated,municode-api,2026-09-23,,"The city of Starke in Bradford County, Florida, publishes its code of ordinances as a searchable web code through Municode at https://library.municode.com/fl/starke. 3 adopted ordinance(s) await codification. Checked 2026-09-23."
1268875,Stuart,city,Martin,Martin,19566,online-html,municode,https://library.municode.com/fl/stuart,4520,14399,2026-02-09,2026-06-18,1,3,unstated,municode-api,2026-09-23,,"The city of Stuart in Martin County, Florida, publishes its code of ordinances as a searchable web code through Municode at https://library.municode.com/fl/stuart. The code is codified through ordinances adopted 2026-02-09. 3 adopted ordinance(s) await codification. Checked 2026-09-23."
1269555,Sunny Isles Beach,city,Miami-Dade,Miami-Dade,22903,online-html,municode,https://library.municode.com/fl/sunny_isles_beach,4542,14967,,2025-06-17,0,16,unstated,municode-api,2026-09-23,,"The city of Sunny Isles Beach in Miami-Dade County, Florida, publishes its code of ordinances as a searchable web code through Municode at https://library.municode.com/fl/sunny_isles_beach. 16 adopted ordinance(s) await codification. Checked 2026-09-23."
1269700,Sunrise,city,Broward,Broward,100128,online-html,municode,https://library.municode.com/fl/sunrise,4546,11617,,2026-08-12,1,0,unstated,municode-api,2026-09-23,,"The city of Sunrise in Broward County, Florida, publishes its code of ordinances as a searchable web code through Municode at https://library.municode.com/fl/sunrise. Checked 2026-09-23."
1270075,Surfside,town,Miami-Dade,Miami-Dade,5719,online-html,municode,https://library.municode.com/fl/surfside,9764,10940,,2026-08-20,1,0,unstated,municode-api,2026-09-23,,"The town of Surfside in Miami-Dade County, Florida, publishes its code of ordinances as a searchable web code through Municode at https://library.municode.com/fl/surfside. Checked 2026-09-23."
1270345,Sweetwater,city,Miami-Dade,Miami-Dade,21321,online-html,municode,https://library.municode.com/fl/sweetwater,4559,10062,2026-03-02,2026-06-26,1,1,unstated,municode-api,2026-09-23,,"The city of Sweetwater in Miami-Dade County, Florida, publishes its code of ordinances as a searchable web code through Municode at https://library.municode.com/fl/sweetwater. The code is codified through ordinances adopted 2026-03-02. 1 adopted ordinance(s) await codification. Checked 2026-09-23."
1270600,Tallahassee,city,Leon,Leon,205089,online-html,municode,https://library.municode.com/fl/tallahassee,4575,19980,,2026-05-19,1,2,unstated,municode-api,2026-09-23,,"The city of Tallahassee in Leon County, Florida, publishes its code of ordinances as a searchable web code through Municode at https://library.municode.com/fl/tallahassee. 2 adopted ordinance(s) await codification. Checked 2026-09-23."
1270675,Tamarac,city,Broward,Broward,75147,online-html,municode,https://library.municode.com/fl/tamarac,4582,10265,,2026-06-22,1,2,unstated,municode-api,2026-09-23,,"The city of Tamarac in Broward County, Florida, publishes its code of ordinances as a searchable web code through Municode at https://library.municode.com/fl/tamarac. 2 adopted ordinance(s) await codification. Checked 2026-09-23."
1271000,Tampa,city,Hillsborough,Hillsborough,414547,online-html,municode,https://library.municode.com/fl/tampa,4583,10132,,2026-05-27,0,8,unstated,municode-api,2026-09-23,,"The city of Tampa in Hillsborough County, Florida, publishes its code of ordinances as a searchable web code through Municode at https://library.municode.com/fl/tampa. 8 adopted ordinance(s) await codification. Checked 2026-09-23."
1271150,Tarpon Springs,city,Pinellas,Pinellas,26168,online-html,municode,https://library.municode.com/fl/tarpon_springs,4586,11091,,2026-07-21,1,11,unstated,municode-api,2026-09-23,,"The city of Tarpon Springs in Pinellas County, Florida, publishes its code of ordinances as a searchable web code through Municode at https://library.municode.com/fl/tarpon_springs. 11 adopted ordinance(s) await codification. Checked 2026-09-23."
1271225,Tavares,city,Lake,Lake,22007,online-html,municode,https://library.municode.com/fl/tavares,4589,12126,2026-02-04,2026-05-11,1,0,unstated,municode-api,2026-09-23,,"The city of Tavares in Lake County, Florida, publishes its code of ordinances as a searchable web code through Municode at https://library.municode.com/fl/tavares. The code is codified through ordinances adopted 2026-02-04. Checked 2026-09-23."
1271400,Temple Terrace,city,Hillsborough,Hillsborough,27588,online-html,municode,https://library.municode.com/fl/temple_terrace,4604,14933,,2025-04-23,1,0,unstated,municode-api,2026-09-23,,"The city of Temple Terrace in Hillsborough County, Florida, publishes its code of ordinances as a searchable web code through Municode at https://library.municode.com/fl/temple_terrace. Checked 2026-09-23."
1271525,Tequesta,village,Palm Beach,Palm Beach,6285,online-html,municode,https://library.municode.com/fl/tequesta,10895,13868,,2026-08-18,1,5,unstated,municode-api,2026-09-23,,"The village of Tequesta in Palm Beach County, Florida, publishes its code of ordinances as a searchable web code through Municode at https://library.municode.com/fl/tequesta. 5 adopted ordinance(s) await codification. Checked 2026-09-23."
1271900,Titusville,city,Brevard,Brevard,49883,online-html,municode,https://library.municode.com/fl/titusville,4633,10420,,2026-07-14,0,0,unstated,municode-api,2026-09-23,,"The city of Titusville in Brevard County, Florida, publishes its code of ordinances as a searchable web code through Municode at https://library.municode.com/fl/titusville. Checked 2026-09-23."
1272325,Treasure Island,city,Pinellas,Pinellas,6524,online-html,municode,https://library.municode.com/fl/treasure_island,4655,13104,,2026-05-18,1,12,unstated,municode-api,2026-09-23,,"The city of Treasure Island in Pinellas County, Florida, publishes its code of ordinances as a searchable web code through Municode at https://library.municode.com/fl/treasure_island. 12 adopted ordinance(s) await codification. Checked 2026-09-23."
1272350,Trenton,city,Gilchrist,Gilchrist,2267,online-pdf-only,self-hosted,https://www.trentonflorida.org/ordinances/,,,2022-04-01,,0,,unstated,browser,2026-09-04,"Municode-produced code published as a single PDF, Supplement 1","The city of Trenton in Gilchrist County, Florida, publishes its code of ordinances as a PDF through its own website at https://www.trentonflorida.org/ordinances/. The code is codified through ordinances adopted 2022-04-01. Checked 2026-09-04."
1273025,Umatilla,city,Lake,Lake,3976,online-html,municode,https://library.municode.com/fl/umatilla,4699,15105,,2025-06-27,1,6,unstated,municode-api,2026-09-23,,"The city of Umatilla in Lake County, Florida, publishes its code of ordinances as a searchable web code through Municode at https://library.municode.com/fl/umatilla. 6 adopted ordinance(s) await codification. Checked 2026-09-23."
1273675,Valparaiso,city,Okaloosa,Okaloosa,4852,online-html,municode,https://library.municode.com/fl/valparaiso,4728,11649,,2026-04-28,1,0,unstated,municode-api,2026-09-23,"the publisher states codification through an ordinance adopted November 10, 2025, which postdates the supplement it published on 0001-01-01, so the stated date is not recorded","The city of Valparaiso in Okaloosa County, Florida, publishes its code of ordinances as a searchable web code through Municode at https://library.municode.com/fl/valparaiso. Checked 2026-09-23."
1273900,Venice,city,Sarasota,Sarasota,29902,online-html,municode,https://library.municode.com/fl/venice,4737,11650,,2026-07-13,1,5,unstated,municode-api,2026-09-23,,"The city of Venice in Sarasota County, Florida, publishes its code of ordinances as a searchable web code through Municode at https://library.municode.com/fl/venice. 5 adopted ordinance(s) await codification. Checked 2026-09-23."
1274125,Vernon,city,Washington,Washington,744,ordinances-only,self-hosted,https://vernonflorida.net/ordinances/,,,,,0,,unstated,manual,2026-09-23,Vernon lists individual ordinances from 2004 to 2014 but the PDF links are dead; land development falls under the Washington County LDC.,"The city of Vernon in Washington County, Florida, publishes individual ordinances online at https://vernonflorida.net/ordinances/ but no codified code of ordinances. Checked 2026-09-23."
1274150,Vero Beach,city,Indian River,Indian River,17556,online-html,municode,https://library.municode.com/fl/vero_beach,4742,11654,2026-03-10,2026-07-23,1,0,unstated,municode-api,2026-09-23,,"The city of Vero Beach in Indian River County, Florida, publishes its code of ordinances as a searchable web code through Municode at https://library.municode.com/fl/vero_beach. The code is codified through ordinances adopted 2026-03-10. Checked 2026-09-23."
1274575,Virginia Gardens,village,Miami-Dade,Miami-Dade,2358,online-html,municode,https://library.municode.com/fl/virginia_gardens,10919,12099,2024-09-19,2025-09-03,1,0,unstated,municode-api,2026-09-23,,"The village of Virginia Gardens in Miami-Dade County, Florida, publishes its code of ordinances as a searchable web code through Municode at https://library.municode.com/fl/virginia_gardens. The code is codified through ordinances adopted 2024-09-19. Checked 2026-09-23."
1274925,Waldo,city,Alachua,Alachua,824,online-html,municipal-code-online,https://waldo.municipalcodeonline.com/book?type=ordinances,,,,,0,,unstated,browser,2026-09-04,moved off Municode; the Municode library slug no longer resolves,"The city of Waldo in Alachua County, Florida, publishes its code of ordinances as a searchable web code through MunicipalCodeOnline at https://waldo.municipalcodeonline.com/book?type=ordinances. Checked 2026-09-04."
1275375,Wauchula,city,Hardee,Hardee,4984,online-html,municode,https://library.municode.com/fl/wauchula,4831,10171,,2026-07-15,1,0,unstated,municode-api,2026-09-23,,"The city of Wauchula in Hardee County, Florida, publishes its code of ordinances as a searchable web code through Municode at https://library.municode.com/fl/wauchula. Checked 2026-09-23."
1275450,Wausau,town,Washington,Washington,390,online-pdf-only,county-code,https://www.dropbox.com/scl/fo/irlb8s9ftewjllkq9z2or/ABicA21gAcp5X7i7Z1zcdDY?rlkey=lwcwcuw1kc6196uhsy9nsoy4h&dl=0,,,2026-05-14,,0,,unstated,manual,2026-09-23,"Wausau posts no ordinances of its own; land development is governed by the Washington County Land Development Code (PDF adopted May 14, 2026). Do not confuse it with townofwausau.com, which is Wausau, Wisconsin.","The town of Wausau in Washington County, Florida, is governed by the code of the county or district that regulates its land use, published at https://www.dropbox.com/scl/fo/irlb8s9ftewjllkq9z2or/ABicA21gAcp5X7i7Z1zcdDY?rlkey=lwcwcuw1kc6196uhsy9nsoy4h&dl=0. The code is codified through ordinances adopted 2026-05-14. Checked 2026-09-23."
1275600,Webster,city,Sumter,Sumter,965,online-html,municode,https://library.municode.com/fl/webster,13459,15641,2025-06-19,2025-09-29,1,1,unstated,municode-api,2026-09-23,,"The city of Webster in Sumter County, Florida, publishes its code of ordinances as a searchable web code through Municode at https://library.municode.com/fl/webster. The code is codified through ordinances adopted 2025-06-19. 1 adopted ordinance(s) await codification. Checked 2026-09-23."
1275750,Welaka,town,Putnam,Putnam,763,online-html,municipal-code-online,https://welaka.municipalcodeonline.com/book?type=ordinances,,,,,0,,unstated,browser,2026-09-04,moved off Municode; the Municode client record carries no published code,"The town of Welaka in Putnam County, Florida, publishes its code of ordinances as a searchable web code through MunicipalCodeOnline at https://welaka.municipalcodeonline.com/book?type=ordinances. Checked 2026-09-04."
1275812,Wellington,village,Palm Beach,Palm Beach,63258,online-html,municode,https://library.municode.com/fl/wellington,10940,13115,2025-09-03,2026-07-23,1,0,unstated,municode-api,2026-09-23,,"The village of Wellington in Palm Beach County, Florida, publishes its code of ordinances as a searchable web code through Municode at https://library.municode.com/fl/wellington. The code is codified through ordinances adopted 2025-09-03. Checked 2026-09-23."
1276417,Westlake,city,Palm Beach,Palm Beach,7664,online-html,municode,https://library.municode.com/fl/westlake,19695,17118,2024-04-02,2024-11-25,1,12,unstated,municode-api,2026-09-23,,"The city of Westlake in Palm Beach County, Florida, publishes its code of ordinances as a searchable web code through Municode at https://library.municode.com/fl/westlake. The code is codified through ordinances adopted 2024-04-02. 12 adopted ordinance(s) await codification. Checked 2026-09-23."
1276500,West Melbourne,city,Brevard,Brevard,31378,online-html,municode,https://library.municode.com/fl/west_melbourne,4892,11693,,2026-01-12,1,0,unstated,municode-api,2026-09-23,,"The city of West Melbourne in Brevard County, Florida, publishes its code of ordinances as a searchable web code through Municode at https://library.municode.com/fl/west_melbourne. Checked 2026-09-23."
1276525,West Miami,city,Miami-Dade,Miami-Dade,7247,online-html,municode,https://library.municode.com/fl/west_miami,4894,14880,,2026-02-17,1,0,unstated,municode-api,2026-09-23,,"The city of West Miami in Miami-Dade County, Florida, publishes its code of ordinances as a searchable web code through Municode at https://library.municode.com/fl/west_miami. Checked 2026-09-23."
1276582,Weston,city,Broward,Broward,70674,online-html,american-legal,https://codelibrary.amlegal.com/codes/weston/latest/overview,,,2026-03-16,,0,,unstated,browser,2026-09-03,,"The city of Weston in Broward County, Florida, publishes its code of ordinances as a searchable web code through American Legal Publishing at https://codelibrary.amlegal.com/codes/weston/latest/overview. The code is codified through ordinances adopted 2026-03-16. Checked 2026-09-03."
1276600,West Palm Beach,city,Palm Beach,Palm Beach,127744,online-html,municode,https://library.municode.com/fl/west_palm_beach,4897,10017,,2026-01-28,1,9,unstated,municode-api,2026-09-23,,"The city of West Palm Beach in Palm Beach County, Florida, publishes its code of ordinances as a searchable web code through Municode at https://library.municode.com/fl/west_palm_beach. 9 adopted ordinance(s) await codification. Checked 2026-09-23."
1276658,West Park,city,Broward,Broward,15641,online-html,municode,https://library.municode.com/fl/west_park,13997,14982,2025-10-01,2026-05-22,1,0,unstated,municode-api,2026-09-23,,"The city of West Park in Broward County, Florida, publishes its code of ordinances as a searchable web code through Municode at https://library.municode.com/fl/west_park. The code is codified through ordinances adopted 2025-10-01. Checked 2026-09-23."
1276975,Westville,town,Holmes,Holmes,268,online-pdf-only,county-code,https://holmescountyfla.com/wp-content/uploads/Holmes-County-LDR_2009.pdf,,,,,0,,unstated,manual,2026-09-23,"Westville has no town website found; land development is governed by the joint Holmes County LDR (2009 PDF), and no town general ordinances are online.","The town of Westville in Holmes County, Florida, is governed by the code of the county or district that regulates its land use, published at https://holmescountyfla.com/wp-content/uploads/Holmes-County-LDR_2009.pdf. Checked 2026-09-23."
1277100,Wewahitchka,city,Gulf,Gulf,2188,ordinances-only,self-hosted,https://www.cityofwewahitchka.com/ordinances.cfm,,,,,0,,unstated,browser,2026-09-04,individual ordinance PDFs,"The city of Wewahitchka in Gulf County, Florida, publishes individual ordinances online at https://www.cityofwewahitchka.com/ordinances.cfm but no codified code of ordinances. Checked 2026-09-04."
1277400,White Springs,town,Hamilton,Hamilton,760,ordinances-only,self-hosted,https://www.whitesprings.org/documents,,,,,0,,unstated,browser,2026-09-04,individual ordinances and town documents,"The town of White Springs in Hamilton County, Florida, publishes individual ordinances online at https://www.whitesprings.org/documents but no codified code of ordinances. Checked 2026-09-04."
1277675,Wildwood,city,Sumter,Sumter,19031,online-html,municode,https://library.municode.com/fl/wildwood,4951,14821,2014-02-24,2014-10-30,1,0,unstated,municode-api,2026-09-23,,"The city of Wildwood in Sumter County, Florida, publishes its code of ordinances as a searchable web code through Municode at https://library.municode.com/fl/wildwood. The code is codified through ordinances adopted 2014-02-24. Checked 2026-09-23."
1277825,Williston,city,Levy,Levy,3433,online-html,municode,https://library.municode.com/fl/williston,4963,11714,,2026-06-05,1,1,unstated,municode-api,2026-09-23,,"The city of Williston in Levy County, Florida, publishes its code of ordinances as a searchable web code through Municode at https://library.municode.com/fl/williston. 1 adopted ordinance(s) await codification. Checked 2026-09-23."
1278000,Wilton Manors,city,Broward,Broward,11788,online-html,municode,https://library.municode.com/fl/wilton_manors,4978,11820,,2026-06-15,1,2,unstated,municode-api,2026-09-23,,"The city of Wilton Manors in Broward County, Florida, publishes its code of ordinances as a searchable web code through Municode at https://library.municode.com/fl/wilton_manors. 2 adopted ordinance(s) await codification. Checked 2026-09-23."
1278050,Windermere,town,Orange,Orange,3223,online-html,municode,https://library.municode.com/fl/windermere,10014,12120,,2025-09-24,1,5,unstated,municode-api,2026-09-23,,"The town of Windermere in Orange County, Florida, publishes its code of ordinances as a searchable web code through Municode at https://library.municode.com/fl/windermere. 5 adopted ordinance(s) await codification. Checked 2026-09-23."
1278250,Winter Garden,city,Orange,Orange,48771,online-html,municode,https://library.municode.com/fl/winter_garden,4997,11729,,2025-08-01,1,13,unstated,municode-api,2026-09-23,,"The city of Winter Garden in Orange County, Florida, publishes its code of ordinances as a searchable web code through Municode at https://library.municode.com/fl/winter_garden. 13 adopted ordinance(s) await codification. Checked 2026-09-23."
1278275,Winter Haven,city,Polk,Polk,59975,online-html,municode,https://library.municode.com/fl/winter_haven,4998,10208,,2025-11-06,1,7,unstated,municode-api,2026-09-23,,"The city of Winter Haven in Polk County, Florida, publishes its code of ordinances as a searchable web code through Municode at https://library.municode.com/fl/winter_haven. 7 adopted ordinance(s) await codification. Checked 2026-09-23."
1278300,Winter Park,city,Orange,Orange,30835,online-html,municode,https://library.municode.com/fl/winter_park,4999,11730,,2026-04-23,1,126,unstated,municode-api,2026-09-23,,"The city of Winter Park in Orange County, Florida, publishes its code of ordinances as a searchable web code through Municode at https://library.municode.com/fl/winter_park. 126 adopted ordinance(s) await codification. Checked 2026-09-23."
1278325,Winter Springs,city,Seminole,Seminole,39822,online-html,municode,https://library.municode.com/fl/winter_springs,5000,12019,,2026-07-15,1,4,unstated,municode-api,2026-09-23,,"The city of Winter Springs in Seminole County, Florida, publishes its code of ordinances as a searchable web code through Municode at https://library.municode.com/fl/winter_springs. 4 adopted ordinance(s) await codification. Checked 2026-09-23."
1278775,Worthington Springs,town,Union,Union,380,no-online-code,none,,,,,,0,,unstated,manual,2026-09-23,"Worthington Springs' official website posts no ordinances, code or land development regulations.","The town of Worthington Springs in Union County, Florida, publishes no code of ordinances online. Checked 2026-09-23."
1278925,Yankeetown,town,Levy,Levy,633,online-html,municode,https://library.municode.com/fl/yankeetown,15361,15663,,2025-01-13,1,0,unstated,municode-api,2026-09-23,,"The town of Yankeetown in Levy County, Florida, publishes its code of ordinances as a searchable web code through Municode at https://library.municode.com/fl/yankeetown. Checked 2026-09-23."
1279225,Zephyrhills,city,Pasco,Pasco,22304,online-html,municode,https://library.municode.com/fl/zephyrhills,5065,17191,,2026-03-19,1,11,unstated,municode-api,2026-09-23,,"The city of Zephyrhills in Pasco County, Florida, publishes its code of ordinances as a searchable web code through Municode at https://library.municode.com/fl/zephyrhills. 11 adopted ordinance(s) await codification. Checked 2026-09-23."
1279250,Zolfo Springs,town,Hardee,Hardee,1761,online-html,municode,https://library.municode.com/fl/zolfo_springs,10065,17037,,2023-10-10,1,0,unstated,municode-api,2026-09-23,,"The town of Zolfo Springs in Hardee County, Florida, publishes its code of ordinances as a searchable web code through Municode at https://library.municode.com/fl/zolfo_springs. Checked 2026-09-23."
